-- MySQL dump 10.13  Distrib 8.0.26, for Linux (x86_64)
--
-- Host: localhost    Database: Kardex_monitor
-- ------------------------------------------------------
-- Server version	8.0.26-0ubuntu0.20.04.2

/*!40101 SET @OLD_CHARACTER_SET_CLIENT=@@CHARACTER_SET_CLIENT */;
/*!40101 SET @OLD_CHARACTER_SET_RESULTS=@@CHARACTER_SET_RESULTS */;
/*!40101 SET @OLD_COLLATION_CONNECTION=@@COLLATION_CONNECTION */;
/*!50503 SET NAMES utf8mb4 */;
/*!40103 SET @OLD_TIME_ZONE=@@TIME_ZONE */;
/*!40103 SET TIME_ZONE='+00:00' */;
/*!40014 SET @OLD_UNIQUE_CHECKS=@@UNIQUE_CHECKS, UNIQUE_CHECKS=0 */;
/*!40014 SET @OLD_FOREIGN_KEY_CHECKS=@@FOREIGN_KEY_CHECKS, FOREIGN_KEY_CHECKS=0 */;
/*!40101 SET @OLD_SQL_MODE=@@SQL_MODE, SQL_MODE='NO_AUTO_VALUE_ON_ZERO' */;
/*!40111 SET @OLD_SQL_NOTES=@@SQL_NOTES, SQL_NOTES=0 */;

--
-- Table structure for table `ACT_Ingreso`
--

DROP TABLE IF EXISTS `ACT_Ingreso`;
/*!40101 SET @saved_cs_client     = @@character_set_client */;
/*!50503 SET character_set_client = utf8mb4 */;
CREATE TABLE `ACT_Ingreso` (
  `id_ACt_ingreso` int NOT NULL,
  `fecha_ingreso` date NOT NULL,
  `proveedor` varchar(45) NOT NULL,
  `Observacion` varchar(254) DEFAULT 'N/A',
  `Documentos` blob,
  PRIMARY KEY (`id_ACt_ingreso`),
  UNIQUE KEY `idtable1_UNIQUE` (`id_ACt_ingreso`)
) ENGINE=InnoDB DEFAULT CHARSET=utf8mb3;
/*!40101 SET character_set_client = @saved_cs_client */;

--
-- Dumping data for table `ACT_Ingreso`
--

LOCK TABLES `ACT_Ingreso` WRITE;
/*!40000 ALTER TABLE `ACT_Ingreso` DISABLE KEYS */;
INSERT INTO `ACT_Ingreso` VALUES (1,'2021-06-08','NCR','N/A',NULL),(3,'2021-06-06','XOREX','ALDD',NULL),(4,'2021-07-06','ncr','N/A',NULL),(5,'2021-07-16','NCR','POS PARA RENOVACION',NULL),(6,'2021-07-21','XOREX','ACTA_GENERICA_CREACION EQUIPO _PC',NULL);
/*!40000 ALTER TABLE `ACT_Ingreso` ENABLE KEYS */;
UNLOCK TABLES;

--
-- Table structure for table `Activo`
--

DROP TABLE IF EXISTS `Activo`;
/*!40101 SET @saved_cs_client     = @@character_set_client */;
/*!50503 SET character_set_client = utf8mb4 */;
CREATE TABLE `Activo` (
  `Serial` varchar(95) NOT NULL,
  `ultima_modificacion` date DEFAULT NULL,
  `observacion` varchar(254) DEFAULT NULL,
  `Estado_idEstado` int NOT NULL,
  `ACT_Ingreso_id_ACt_ingreso` int NOT NULL,
  `Modelo_idModelo` int NOT NULL,
  `Ubicacionact_Cod_Ncr` int NOT NULL,
  `local_ubicacion` int DEFAULT NULL,
  PRIMARY KEY (`Serial`),
  UNIQUE KEY `Serial_UNIQUE` (`Serial`),
  KEY `fk_Activo_Estado1_idx` (`Estado_idEstado`),
  KEY `fk_Activo_ACT_Ingreso1_idx` (`ACT_Ingreso_id_ACt_ingreso`),
  KEY `fk_Activo_Modelo1_idx` (`Modelo_idModelo`) /*!80000 INVISIBLE */,
  KEY `fk_Activo_Tiendas1_idx` (`Ubicacionact_Cod_Ncr`) /*!80000 INVISIBLE */,
  KEY `fk_Activo_local_idx` (`local_ubicacion`),
  CONSTRAINT `fk_Activo_ACT_Ingreso1` FOREIGN KEY (`ACT_Ingreso_id_ACt_ingreso`) REFERENCES `ACT_Ingreso` (`id_ACt_ingreso`),
  CONSTRAINT `fk_Activo_Estado1` FOREIGN KEY (`Estado_idEstado`) REFERENCES `Estado` (`idEstado`),
  CONSTRAINT `fk_Activo_Modelo1` FOREIGN KEY (`Modelo_idModelo`) REFERENCES `Modelo` (`idModelo`),
  CONSTRAINT `fk_Activo_Tiendas1` FOREIGN KEY (`Ubicacionact_Cod_Ncr`) REFERENCES `Tiendas` (`Cod_Ncr`)
) ENGINE=InnoDB DEFAULT CHARSET=utf8mb3;
/*!40101 SET character_set_client = @saved_cs_client */;

--
-- Dumping data for table `Activo`
--

LOCK TABLES `Activo` WRITE;
/*!40000 ALTER TABLE `Activo` DISABLE KEYS */;
INSERT INTO `Activo` VALUES ('108-55528181','2021-07-23',NULL,1,1,19,1364,NULL),('108-55528185','2021-07-23',NULL,1,1,19,1364,NULL),('108-55528186','2021-07-23',NULL,1,1,19,1364,NULL),('108-55532470','2021-06-30',NULL,1,1,19,2164,NULL),('108-55532471','2021-09-14',NULL,1,1,19,903,1),('108-55532473','2021-08-31',NULL,1,1,19,619,3),('108-55532481','2021-09-16',NULL,1,4,19,828,4),('108-55532488','2021-09-02',NULL,1,1,19,593,1),('108-55532491','2021-09-17',NULL,1,1,19,600,1),('108-55532492','2021-06-27',NULL,1,1,19,2164,NULL),('108-55532495','2021-09-17',NULL,1,4,19,836,1),('108-55532498','2021-09-20',NULL,1,1,19,629,3),('108-55533045','2021-07-16',NULL,1,5,19,896,NULL),('108-55533046','2021-07-16',NULL,1,5,19,619,4),('108-55533047','2021-07-16',NULL,1,5,19,579,2),('108-55533048','2021-07-16',NULL,1,5,19,5,NULL),('108-55533050','2021-07-16',NULL,1,5,19,828,2),('108-55533053','2021-07-16',NULL,1,5,19,5,NULL),('108-55533054','2021-07-16',NULL,1,5,19,903,4),('108-55533057','2021-07-16',NULL,1,5,19,5,NULL),('108-55533058','2021-07-16',NULL,1,5,19,619,2),('108-55533059','2021-07-16',NULL,1,5,19,5,NULL),('108-55533060','2021-07-16',NULL,1,5,19,579,1),('108-55533061','2021-07-16',NULL,1,5,19,5,NULL),('108-55533062','2021-07-16',NULL,1,5,19,611,1),('108-55533063','2021-07-16',NULL,1,5,19,599,2),('108-55533064','2021-07-16',NULL,1,5,19,592,2),('108-55533065','2021-07-16',NULL,1,5,19,5,NULL),('108-55533066','2021-07-16',NULL,1,5,19,5,NULL),('108-55533067','2021-07-16',NULL,1,5,19,600,2),('108-55533069','2021-07-16',NULL,1,5,19,611,2),('108-55533070','2021-07-16',NULL,1,5,19,592,1),('108-55533071','2021-07-16',NULL,1,5,19,5,NULL),('108-55533072','2021-07-16',NULL,1,5,19,896,NULL),('108-55533073','2021-07-16',NULL,1,5,19,600,4),('108-55533074','2021-07-16',NULL,1,5,19,5,NULL),('108-55533075','2021-07-16',NULL,1,5,19,5,NULL),('108-55533076','2021-07-16',NULL,1,5,19,5,NULL),('108-55533077','2021-07-16',NULL,1,5,19,827,3),('108-55533078','2021-07-16',NULL,1,5,19,600,3),('108-55533079','2021-07-16',NULL,1,5,19,5,NULL),('108-55533081','2021-07-16',NULL,1,5,19,5,NULL),('108-55533082','2021-07-16',NULL,1,5,19,896,NULL),('108-55533083','2021-07-16',NULL,1,5,19,5,NULL),('108-55533084','2021-07-16',NULL,1,5,19,885,1),('108-55533085','2021-07-16',NULL,1,5,19,5,NULL),('108-55533086','2021-07-16',NULL,1,5,19,865,1),('108-55533087','2021-07-16',NULL,1,5,19,5,NULL),('108-55533088','2021-07-16',NULL,1,5,19,5,NULL),('108-55533089','2021-07-16',NULL,1,5,19,903,5),('108-55533090','2021-07-16',NULL,1,5,19,5,NULL),('108-55533091','2021-07-16',NULL,1,5,19,5,NULL),('108-55533092','2021-07-16',NULL,1,5,19,910,1),('108-55533093','2021-07-16',NULL,1,5,19,5,NULL),('108-55533135','2021-07-16',NULL,1,5,19,827,5),('108-55533136','2021-07-16',NULL,1,5,19,593,2),('108-55533139','2021-07-16',NULL,1,5,19,5,NULL),('108-55533140','2021-07-16',NULL,1,5,19,910,2),('108-55533141','2021-07-16',NULL,1,5,19,619,1),('108-55533142','2021-07-16',NULL,1,5,19,601,1),('108-55533144','2021-07-16',NULL,1,5,19,5,NULL),('108-55533145','2021-07-16',NULL,1,5,19,629,1),('108-55533148','2021-07-16',NULL,1,5,19,5,NULL),('108-55533149','2021-07-16',NULL,1,5,19,592,4),('108-55533150','2021-07-16',NULL,1,5,19,5,NULL),('108-55533152','2021-07-16',NULL,1,5,19,910,3),('108-55533157','2021-07-16',NULL,1,5,19,5,NULL),('108-55533163','2021-07-16',NULL,1,5,19,828,1),('108-55533167','2021-07-16',NULL,1,5,19,645,3),('108-55533169','2021-07-16',NULL,1,5,19,5,NULL),('108-55533231','2021-07-16',NULL,1,5,19,601,2),('108-55533232','2021-07-16',NULL,1,5,19,645,1),('108-55533233','2021-07-16',NULL,1,5,19,836,2),('108-55533234','2021-07-16',NULL,1,5,19,5,NULL),('108-55533237','2021-07-16',NULL,1,5,19,5,NULL),('108-55533238','2021-07-16',NULL,1,5,19,5,NULL),('108-55533239','2021-07-16',NULL,1,5,19,909,4),('108-55533240','2021-07-16',NULL,1,5,19,645,2),('108-55533241','2021-07-16',NULL,1,5,19,903,3),('108-55533242','2021-07-16',NULL,1,5,19,5,NULL),('108-55533243','2021-07-16',NULL,1,5,19,5,NULL),('108-55533244','2021-07-16',NULL,1,5,19,5,NULL),('108-55533245','2021-07-16',NULL,1,5,19,5,NULL),('108-55533246','2021-07-16',NULL,1,5,19,838,2),('108-55533249','2021-07-16',NULL,1,5,19,5,NULL),('108-55533250','2021-07-16',NULL,1,5,19,5,NULL),('108-55533251','2021-07-16',NULL,1,5,19,593,3),('108-55533252','2021-07-16',NULL,1,5,19,909,2),('108-55533253','2021-07-16',NULL,1,5,19,909,3),('108-55533254','2021-07-16',NULL,1,5,19,828,3),('108-55533295','2021-07-16',NULL,1,5,19,903,2),('108-55533298','2021-07-16',NULL,1,5,19,5,NULL),('108-55533299','2021-07-16',NULL,1,5,19,599,1),('108-55533300','2021-07-16',NULL,1,5,19,5,NULL),('108-55533302','2021-07-16',NULL,1,5,19,865,2),('108-55533304','2021-07-16',NULL,1,5,19,836,3),('108-55533305','2021-07-16',NULL,1,5,19,5,NULL),('108-55533306','2021-07-16',NULL,1,5,19,5,NULL),('108-55533307','2021-07-16',NULL,1,5,19,629,2),('108-55533308','2021-07-16',NULL,1,5,19,896,NULL),('108-55533314','2021-07-16',NULL,1,5,19,5,NULL),('108-55533315','2021-07-16',NULL,1,5,19,5,NULL),('108-55533316','2021-07-16',NULL,1,5,19,5,NULL),('108-55533317','2021-07-16',NULL,1,5,19,910,4),('108-55533318','2021-07-16',NULL,1,5,19,909,1),('108-55533320','2021-07-16',NULL,1,5,19,838,1),('108-55533323','2021-07-16',NULL,1,5,19,611,3),('108-55533324','2021-07-16',NULL,1,5,19,592,3),('108-55533325','2021-07-16',NULL,1,5,19,5,NULL),('108-55533326','2021-07-16',NULL,1,5,19,827,1),('108-55533327','2021-07-16',NULL,1,5,19,827,4),('108-55533329','2021-07-16',NULL,1,5,19,885,2),('108-55533835','2021-08-25',NULL,1,1,19,2221,NULL),('108-55533950','2021-08-25',NULL,1,1,19,2221,NULL),('108-55533981','2021-08-25',NULL,1,1,19,2221,NULL),('128-53573656','2021-07-23',NULL,1,1,4,1364,NULL),('128-53573669','2021-07-23',NULL,1,1,4,1364,NULL),('128-53573670','2021-07-23',NULL,1,1,4,1364,NULL),('128-53595041','2021-06-27',NULL,1,1,4,2164,NULL),('128-53595044','2021-06-27',NULL,1,1,4,2164,NULL),('128-53595367','2021-06-27',NULL,1,1,4,2164,NULL),('128-53597847','2021-07-16',NULL,1,5,4,5,NULL),('128-53598236','2021-07-16',NULL,1,5,4,5,NULL),('128-53598237','2021-07-16',NULL,1,5,4,5,NULL),('128-53598238','2021-07-16',NULL,1,5,4,5,NULL),('128-53598239','2021-07-16',NULL,1,5,4,5,NULL),('128-53598240','2021-07-16',NULL,1,5,4,5,NULL),('128-53598241','2021-07-16',NULL,1,5,4,910,4),('128-53598242','2021-07-16',NULL,1,5,4,5,NULL),('128-53598243','2021-07-16',NULL,1,5,4,910,3),('128-53598244','2021-07-16',NULL,1,5,4,5,NULL),('128-53598245','2021-07-16',NULL,1,5,4,5,NULL),('128-53598286','2021-07-16',NULL,1,5,4,865,1),('128-53598287','2021-07-16',NULL,1,5,4,5,NULL),('128-53598288','2021-07-16',NULL,1,5,4,865,2),('128-53598289','2021-07-16',NULL,1,5,4,885,1),('128-53598290','2021-07-16',NULL,1,5,4,885,2),('128-53598291','2021-07-16',NULL,1,5,4,896,NULL),('128-53598292','2021-07-16',NULL,1,5,4,896,NULL),('128-53598293','2021-07-16',NULL,1,5,4,896,NULL),('128-53598294','2021-07-16',NULL,1,5,4,896,NULL),('128-53598295','2021-07-16',NULL,1,5,4,903,4),('128-53598296','2021-07-16',NULL,1,5,4,5,NULL),('128-53598297','2021-07-16',NULL,1,5,4,5,NULL),('128-53598298','2021-07-16',NULL,1,5,4,5,NULL),('128-53598299','2021-07-16',NULL,1,5,4,5,NULL),('128-53598300','2021-07-16',NULL,1,5,4,5,NULL),('128-53598301','2021-07-16',NULL,1,5,4,5,NULL),('128-53598302','2021-07-16',NULL,1,5,4,5,NULL),('128-53598303','2021-07-16',NULL,1,5,4,5,NULL),('128-53598305','2021-07-16',NULL,1,5,4,910,1),('128-53598403','2021-08-25',NULL,1,1,4,2221,NULL),('128-53598404','2021-08-25',NULL,1,1,4,2221,NULL),('128-53598405','2021-08-25',NULL,1,1,4,2221,NULL),('128-53598409','2021-07-16',NULL,1,5,4,910,2),('128-53598411','2021-07-16',NULL,1,5,4,645,2),('128-53598412','2021-07-16',NULL,1,5,4,601,1),('128-53598413','2021-07-16',NULL,1,5,4,601,2),('128-53598414','2021-07-16',NULL,1,5,4,629,3),('128-53598415','2021-07-16',NULL,1,5,4,629,2),('128-53598416','2021-07-16',NULL,1,5,4,5,NULL),('128-53598417','2021-07-16',NULL,1,5,4,629,1),('128-53598418','2021-07-16',NULL,1,5,4,5,NULL),('128-53598419','2021-07-16',NULL,1,5,4,5,NULL),('128-53598440','2021-07-16',NULL,1,5,4,5,NULL),('128-53598441','2021-07-16',NULL,1,5,4,5,NULL),('128-53598444','2021-07-16',NULL,1,5,4,5,NULL),('128-53598445','2021-07-16',NULL,1,5,4,5,NULL),('128-53598446','2021-07-16',NULL,1,5,4,5,NULL),('128-53598447','2021-07-16',NULL,1,5,4,5,NULL),('128-53598448','2021-07-16',NULL,1,5,4,5,NULL),('128-53598449','2021-07-16',NULL,1,5,4,5,NULL),('128-53598460','2021-07-16',NULL,1,5,4,600,4),('128-53598461','2021-07-16',NULL,1,5,4,600,3),('128-53598462','2021-07-16',NULL,1,5,4,600,2),('128-53598463','2021-07-16',NULL,1,5,4,600,1),('128-53598464','2021-07-16',NULL,1,5,4,836,1),('128-53598465','2021-07-16',NULL,1,5,4,836,2),('128-53598466','2021-07-16',NULL,1,5,4,836,3),('128-53598467','2021-07-16',NULL,1,5,4,645,3),('128-53598468','2021-07-16',NULL,1,5,4,5,NULL),('128-53598469','2021-07-16',NULL,1,5,4,645,1),('128-53598470','2021-07-16',NULL,1,5,4,903,3),('128-53598471','2021-07-16',NULL,1,5,4,579,2),('128-53598472','2021-07-16',NULL,1,5,4,903,1),('128-53598473','2021-07-16',NULL,1,5,4,909,4),('128-53598474','2021-07-16',NULL,1,5,4,579,1),('128-53598475','2021-07-16',NULL,1,5,4,611,2),('128-53598476','2021-07-16',NULL,1,5,4,611,1),('128-53598477','2021-07-16',NULL,1,5,4,611,3),('128-53598478','2021-07-16',NULL,1,5,4,903,2),('128-53598479','2021-07-16',NULL,1,5,4,903,5),('128-53598480','2021-07-16',NULL,1,5,4,599,2),('128-53598481','2021-07-16',NULL,1,5,4,599,1),('128-53598482','2021-07-16',NULL,1,5,4,619,2),('128-53598483','2021-07-16',NULL,1,5,4,619,1),('128-53598484','2021-07-16',NULL,1,5,4,827,5),('128-53598485','2021-07-16',NULL,1,5,4,827,4),('128-53598486','2021-07-16',NULL,1,5,4,619,4),('128-53598487','2021-07-16',NULL,1,5,4,827,3),('128-53598488','2021-07-16',NULL,1,5,4,619,3),('128-53598489','2021-07-16',NULL,1,5,4,5,NULL),('128-53598510','2021-07-16',NULL,1,5,4,593,3),('128-53598511','2021-07-16',NULL,1,5,4,593,1),('128-53598512','2021-07-16',NULL,1,5,4,593,2),('128-53598513','2021-07-16',NULL,1,5,4,827,1),('128-53598514','2021-07-16',NULL,1,5,4,838,2),('128-53598515','2021-07-16',NULL,1,5,4,592,1),('128-53598516','2021-07-16',NULL,1,5,4,827,2),('128-53598517','2021-07-16',NULL,1,5,4,592,3),('128-53598518','2021-07-16',NULL,1,5,4,592,2),('128-53598519','2021-07-16',NULL,1,5,4,592,4),('128-53598537','2021-07-16',NULL,1,5,4,828,1),('128-53598538','2021-07-16',NULL,1,5,4,828,2),('128-53598539','2021-07-16',NULL,1,5,4,828,3),('128-53598540','2021-07-16',NULL,1,5,4,5,NULL),('128-53598541','2021-07-16',NULL,1,5,4,5,NULL),('128-53598542','2021-07-16',NULL,1,5,4,838,1),('128-53598543','2021-07-16',NULL,1,5,4,909,3),('128-53598544','2021-07-16',NULL,1,5,4,909,2),('128-53598545','2021-07-16',NULL,1,5,4,909,1),('128-53598546','2021-07-16',NULL,1,5,4,828,4),('128-53598607','2021-07-16',NULL,1,5,4,5,NULL),('128-53598608','2021-07-16',NULL,1,5,4,5,NULL),('13-54933338',NULL,NULL,3,1,7,1225,NULL),('13-54933381',NULL,NULL,3,1,7,1639,NULL),('13-54933383',NULL,NULL,3,1,7,1641,NULL),('13-54933385',NULL,NULL,3,1,7,1701,NULL),('13-54933387','2021-06-28',NULL,4,1,7,1,NULL),('13-54933389',NULL,NULL,3,1,7,1639,NULL),('13-54933392',NULL,NULL,3,1,7,1300,NULL),('13-54933394',NULL,NULL,3,1,7,1699,NULL),('13-54933396',NULL,NULL,3,1,7,1641,NULL),('13-54933397',NULL,NULL,3,1,7,1701,NULL),('13-54933537',NULL,NULL,3,1,7,1324,NULL),('13-54935450',NULL,NULL,3,1,7,574,NULL),('13-54935453',NULL,NULL,3,1,7,1134,NULL),('13-54937112',NULL,NULL,3,1,7,1131,NULL),('13-54937113','2021-06-28',NULL,4,1,7,1,NULL),('13-54937114',NULL,NULL,3,1,7,1133,NULL),('13-54937115',NULL,NULL,3,1,7,1133,NULL),('13-54937116','2021-06-28',NULL,4,1,7,1,NULL),('13-54937117','2021-06-28',NULL,4,1,7,1,NULL),('13-54937520',NULL,NULL,3,1,7,1134,NULL),('13-54937521',NULL,NULL,3,1,7,1339,NULL),('13-54937527',NULL,NULL,3,1,7,1140,NULL),('13-54937528',NULL,NULL,3,1,7,1140,NULL),('13-54937529',NULL,NULL,3,1,7,1140,NULL),('13-54937602','2021-06-28',NULL,4,1,7,1,NULL),('13-54937603',NULL,NULL,3,1,7,1358,NULL),('13-54937608',NULL,NULL,3,1,7,1225,NULL),('13-54937609',NULL,NULL,3,1,7,1225,NULL),('13-54937612','2021-06-28',NULL,4,1,7,1,NULL),('13-54937615',NULL,NULL,3,1,7,849,NULL),('13-54937617',NULL,NULL,3,1,7,890,NULL),('13-54937618',NULL,NULL,3,1,7,1545,NULL),('13-54937625',NULL,NULL,3,1,7,1087,NULL),('13-54937631',NULL,NULL,3,1,7,1916,NULL),('13-54937646',NULL,NULL,3,1,7,878,NULL),('13-54937778',NULL,NULL,3,1,7,633,NULL),('13-54937780',NULL,NULL,3,1,7,1087,NULL),('13-54937784',NULL,NULL,3,1,7,605,NULL),('13-54937785','2021-06-28',NULL,4,1,7,1,NULL),('13-54937792','2021-06-28',NULL,4,1,7,1,NULL),('13-54937797',NULL,NULL,3,1,7,1301,NULL),('13-54937802',NULL,NULL,3,1,7,1339,NULL),('13-54937804',NULL,NULL,3,1,7,1277,NULL),('13-54938065',NULL,NULL,3,1,7,1324,NULL),('13-54938066',NULL,NULL,3,1,7,1277,NULL),('13-54938067',NULL,NULL,3,1,7,1300,NULL),('13-54938069',NULL,NULL,3,1,7,1358,NULL),('13-54938071','2021-06-28',NULL,4,1,7,1,NULL),('13-54938072','2021-06-28',NULL,4,1,7,1,NULL),('13-54938074',NULL,NULL,3,1,7,1639,NULL),('13-54938075','2021-06-28',NULL,4,1,7,1,NULL),('13-54938201',NULL,NULL,3,1,7,2057,NULL),('13-54938374',NULL,NULL,3,1,7,2134,NULL),('13-54938388',NULL,NULL,3,1,7,1364,NULL),('13-54939972',NULL,NULL,3,1,7,1545,NULL),('13-54939973',NULL,NULL,3,1,7,2121,NULL),('13-54939974',NULL,NULL,3,1,7,1364,NULL),('13-54939977',NULL,NULL,3,1,7,1627,NULL),('13-54939978',NULL,NULL,3,1,7,2121,NULL),('13-54939979',NULL,NULL,3,1,7,1603,NULL),('13-54939980',NULL,NULL,3,1,7,574,NULL),('13-54939981',NULL,NULL,3,1,7,1545,NULL),('13-54939982','2021-06-28',NULL,4,1,7,1,NULL),('13-54939984',NULL,NULL,3,1,7,1087,NULL),('13-54939985',NULL,NULL,3,1,7,1604,NULL),('13-54939986',NULL,NULL,3,1,7,901,NULL),('13-54939987',NULL,NULL,3,1,7,1604,NULL),('13-54939988',NULL,NULL,3,1,7,1552,NULL),('13-54939989',NULL,NULL,3,1,7,2121,NULL),('13-54939990',NULL,NULL,3,1,7,1299,NULL),('13-54939991',NULL,NULL,3,1,7,2008,NULL),('13-54939992',NULL,NULL,3,1,7,1603,NULL),('13-54939994','2021-06-28',NULL,4,1,7,1,NULL),('13-54939995',NULL,NULL,3,1,7,1364,NULL),('13-54939999','2021-06-28',NULL,4,1,7,1,NULL),('13-54940002',NULL,NULL,3,1,7,613,NULL),('13-54940004',NULL,NULL,3,1,7,1277,NULL),('13-54940006',NULL,NULL,3,1,7,1359,NULL),('13-54940007',NULL,NULL,3,1,7,1552,NULL),('13-54940009',NULL,NULL,3,1,7,2024,NULL),('13-54940010',NULL,NULL,3,1,7,1570,NULL),('13-54940011','2021-06-28',NULL,4,1,7,1,NULL),('13-54940012',NULL,NULL,3,1,7,1627,NULL),('13-54940013',NULL,NULL,3,1,7,1552,NULL),('13-54940023',NULL,NULL,3,1,7,890,NULL),('13-54940034',NULL,NULL,3,1,7,1916,NULL),('13-54940041',NULL,NULL,3,1,7,2032,NULL),('13-54940042',NULL,NULL,3,1,7,908,NULL),('13-54940044',NULL,NULL,3,1,7,1301,NULL),('13-54940046',NULL,NULL,3,1,7,1570,NULL),('13-54940048',NULL,NULL,3,1,7,1914,NULL),('13-54940049',NULL,NULL,3,1,7,1300,NULL),('13-54940050',NULL,NULL,3,1,7,2009,NULL),('13-54940051',NULL,NULL,3,1,7,1299,NULL),('13-54940052',NULL,NULL,3,1,7,1570,NULL),('13-54940053','2021-06-28',NULL,4,1,7,1,NULL),('13-54940055',NULL,NULL,3,1,7,1916,NULL),('13-54940151',NULL,NULL,3,1,7,608,NULL),('13-54940202',NULL,NULL,3,1,7,896,NULL),('13-54940204',NULL,NULL,3,1,7,1299,NULL),('13-54940206',NULL,NULL,3,1,7,1358,NULL),('13-54940207',NULL,NULL,3,1,7,2056,NULL),('13-54940209',NULL,NULL,3,1,7,1134,NULL),('13-54940211',NULL,NULL,3,1,7,1299,NULL),('13-54940212','2021-06-28',NULL,4,1,7,1,NULL),('13-54940224',NULL,NULL,3,1,7,864,NULL),('13-54940233',NULL,NULL,3,1,7,1628,NULL),('13-54940247',NULL,NULL,3,1,7,1359,NULL),('13-54940260',NULL,NULL,3,1,7,1628,NULL),('13-54940261',NULL,NULL,3,1,7,1628,NULL),('13-54940267',NULL,NULL,3,1,7,1299,NULL),('13-54940268',NULL,NULL,3,1,7,1640,NULL),('13-54940272',NULL,NULL,3,1,7,1629,NULL),('13-54940274',NULL,NULL,3,1,7,1700,NULL),('13-54940295',NULL,NULL,3,1,7,648,NULL),('13-54940299',NULL,NULL,3,1,7,636,NULL),('13-54940304',NULL,NULL,3,1,7,1642,NULL),('13-54940306',NULL,NULL,3,1,7,599,NULL),('13-54940307',NULL,NULL,3,1,7,619,NULL),('13-54940310',NULL,NULL,3,1,7,641,NULL),('13-54940315',NULL,NULL,3,1,7,1642,NULL),('13-54940324',NULL,NULL,3,1,7,1759,NULL),('13-54940351',NULL,NULL,3,1,7,605,NULL),('13-54940359',NULL,NULL,3,1,7,1678,NULL),('13-54940362',NULL,NULL,3,1,7,1640,NULL),('13-54940367',NULL,NULL,3,1,7,1640,NULL),('13-54940373',NULL,NULL,3,1,7,1324,NULL),('13-54940376',NULL,NULL,3,1,7,862,NULL),('13-54940379',NULL,NULL,3,1,7,897,NULL),('13-54940382',NULL,NULL,3,1,7,1640,NULL),('13-54940383',NULL,NULL,3,1,7,841,NULL),('13-54940388',NULL,NULL,3,1,7,1629,NULL),('13-54940390',NULL,NULL,3,1,7,575,NULL),('13-54940424',NULL,NULL,3,1,7,1678,NULL),('13-54940499',NULL,NULL,3,1,7,1359,NULL),('13-54940546',NULL,NULL,3,1,7,1760,NULL),('13-54940560',NULL,NULL,3,1,7,1339,NULL),('13-58384284',NULL,NULL,3,1,7,1895,NULL),('13-58384289',NULL,NULL,3,1,7,1790,NULL),('13-58384293',NULL,NULL,3,1,7,1895,NULL),('13-58384307',NULL,NULL,3,1,7,1760,NULL),('13-58384402',NULL,NULL,3,1,7,1761,NULL),('13-58384408',NULL,NULL,3,1,7,1786,NULL),('13-58384412',NULL,NULL,3,1,7,1896,NULL),('13-58384419',NULL,NULL,3,1,7,1789,NULL),('13-58384424',NULL,NULL,3,1,7,1791,NULL),('13-58384434',NULL,NULL,3,1,7,604,NULL),('13-58384437',NULL,NULL,3,1,7,605,NULL),('13-58384444',NULL,NULL,3,1,7,1791,NULL),('13-58384469',NULL,NULL,3,1,7,1788,NULL),('13-58384482',NULL,NULL,3,1,7,1788,NULL),('13-58384485',NULL,NULL,3,1,7,1762,NULL),('13-58384497',NULL,NULL,3,1,7,1896,NULL),('13-58384504',NULL,NULL,3,1,7,1788,NULL),('13-58384516',NULL,NULL,3,1,7,1897,NULL),('13-58384526',NULL,NULL,3,1,7,1787,NULL),('13-58384536',NULL,NULL,3,1,7,1897,NULL),('13-58384543',NULL,NULL,3,1,7,1898,NULL),('13-58384557',NULL,NULL,3,1,7,1900,NULL),('13-58384564',NULL,NULL,3,1,7,1915,NULL),('13-58384585',NULL,NULL,3,1,7,1899,NULL),('13-58384592',NULL,NULL,3,1,7,1900,NULL),('13-58384600',NULL,NULL,3,1,7,1899,NULL),('13-58384623',NULL,NULL,3,1,7,1897,NULL),('13-58384657',NULL,NULL,3,1,7,1790,NULL),('13-58384658',NULL,NULL,3,1,7,1915,NULL),('13-58384669',NULL,NULL,3,1,7,1762,NULL),('13-58384678',NULL,NULL,3,1,7,1791,NULL),('13-58384680',NULL,NULL,3,1,7,1787,NULL),('13-58384681',NULL,NULL,3,1,7,1787,NULL),('13-58384690',NULL,NULL,3,1,7,1761,NULL),('13-58384699',NULL,NULL,3,1,7,1899,NULL),('13-58384700',NULL,NULL,3,1,7,1790,NULL),('13-58384709',NULL,NULL,3,1,7,1789,NULL),('13-58384718',NULL,NULL,3,1,7,661,NULL),('13-58384730',NULL,NULL,3,1,7,1898,NULL),('13-58384749',NULL,NULL,3,1,7,1789,NULL),('13-58384775',NULL,NULL,3,1,7,1900,NULL),('13-58384806',NULL,NULL,3,1,7,1898,NULL),('13-58384847',NULL,NULL,3,1,7,1786,NULL),('13-58384860',NULL,NULL,3,1,7,1761,NULL),('13-58384868',NULL,NULL,3,1,7,1759,NULL),('13-58384883',NULL,NULL,3,1,7,1868,NULL),('13-58384897',NULL,NULL,3,1,7,1896,NULL),('13-58384909',NULL,NULL,3,1,7,1895,NULL),('13-58384925',NULL,NULL,3,1,7,1759,NULL),('13-58384926',NULL,NULL,3,1,7,1762,NULL),('13-58389220',NULL,NULL,3,1,7,1978,NULL),('13-58389232',NULL,NULL,3,1,7,2009,NULL),('13-58389237',NULL,NULL,3,1,7,1978,NULL),('13-58389238',NULL,NULL,3,1,7,1133,NULL),('13-58389239',NULL,NULL,3,1,7,1919,NULL),('13-58389245',NULL,NULL,3,1,7,1978,NULL),('13-58389246',NULL,NULL,3,1,7,1919,NULL),('13-58389257',NULL,NULL,3,1,7,2009,NULL),('13-58389259',NULL,NULL,3,1,7,1919,NULL),('13-58389271',NULL,NULL,3,1,7,1949,NULL),('13-58389272',NULL,NULL,3,1,7,1949,NULL),('13-58389369',NULL,NULL,3,1,7,2008,NULL),('13-58389399',NULL,NULL,3,1,7,656,NULL),('13-58389525',NULL,NULL,3,1,7,2024,NULL),('13-58389541',NULL,NULL,3,1,7,1979,NULL),('13-58389547',NULL,NULL,3,1,7,1979,NULL),('13-58389548',NULL,NULL,3,1,7,2032,NULL),('13-58389553',NULL,NULL,3,1,7,2032,NULL),('13-58389559',NULL,NULL,3,1,7,1131,NULL),('13-58389567',NULL,NULL,3,1,7,1979,NULL),('13-58389578',NULL,NULL,3,1,7,2008,NULL),('13-58389599',NULL,NULL,3,1,7,2024,NULL),('13-58390175',NULL,NULL,3,1,7,1918,NULL),('13-58390177',NULL,NULL,3,1,7,2056,NULL),('13-58390178',NULL,NULL,3,1,7,1918,NULL),('13-58390231',NULL,NULL,3,1,7,616,NULL),('13-58390271',NULL,NULL,3,1,7,1131,NULL),('13-58390278',NULL,NULL,3,1,7,1918,NULL),('13-58390281',NULL,NULL,3,1,7,2056,NULL),('13-58391191',NULL,NULL,3,1,7,2158,NULL),('13-58391201',NULL,NULL,3,1,7,2157,NULL),('13-58391205','2021-06-27',NULL,1,1,7,2164,NULL),('13-58391212',NULL,NULL,3,1,7,2134,NULL),('13-58391278','2021-06-27',NULL,1,1,7,2164,NULL),('13-58391279',NULL,NULL,3,1,7,2057,NULL),('13-58391323',NULL,NULL,3,1,7,594,NULL),('13-58391341',NULL,NULL,3,1,7,2134,NULL),('13-58391370',NULL,NULL,3,1,7,2158,NULL),('13-58391386',NULL,NULL,3,1,7,2157,NULL),('13-58391387',NULL,NULL,3,1,7,2057,NULL),('13-58391390',NULL,NULL,3,1,7,2157,NULL),('13-58391395','2021-06-27',NULL,1,1,7,2164,NULL),('13-58391408',NULL,NULL,3,1,7,1914,NULL),('13-58391423',NULL,NULL,3,1,7,1914,NULL),('13-58392528','2021-08-25',NULL,1,1,7,2221,NULL),('13-58392544','2021-08-25',NULL,1,1,7,2221,NULL),('13-58393592','2021-07-16',NULL,1,5,7,910,4),('13-58393595','2021-07-16',NULL,1,5,7,827,5),('13-58393596','2021-07-16',NULL,1,5,7,836,2),('13-58393598','2021-07-16',NULL,1,5,7,592,3),('13-58393601','2021-07-16',NULL,1,5,7,5,NULL),('13-58393607','2021-07-16',NULL,1,5,7,5,NULL),('13-58393608','2021-07-16',NULL,1,5,7,5,NULL),('13-58393614','2021-07-16',NULL,1,5,7,5,NULL),('13-58393618','2021-07-16',NULL,1,5,7,827,2),('13-58393623','2021-07-16',NULL,1,5,7,645,3),('13-58393629','2021-07-16',NULL,1,5,7,828,1),('13-58393643','2021-07-16',NULL,1,5,7,903,3),('13-58393648','2021-07-16',NULL,1,5,7,5,NULL),('13-58393650','2021-07-16',NULL,1,5,7,5,NULL),('13-58393658','2021-07-16',NULL,1,5,7,827,1),('13-58393659','2021-07-16',NULL,1,5,7,896,NULL),('13-58393662','2021-07-16',NULL,1,5,7,896,NULL),('13-58393672','2021-07-16',NULL,1,5,7,896,NULL),('13-58393678','2021-07-16',NULL,1,5,7,601,1),('13-58393749','2021-07-16',NULL,1,5,7,599,2),('13-58393816','2021-07-16',NULL,1,5,7,909,1),('13-58393818','2021-07-16',NULL,1,5,7,5,NULL),('13-58393819','2021-07-16',NULL,1,5,7,592,1),('13-58393822','2021-07-16',NULL,1,5,7,579,2),('13-58393829','2021-07-16',NULL,1,5,7,5,NULL),('13-58393836','2021-07-16',NULL,1,5,7,5,NULL),('13-58393837','2021-07-16',NULL,1,5,7,896,NULL),('13-58393846','2021-07-16',NULL,1,5,7,5,NULL),('13-58393849','2021-07-16',NULL,1,5,7,645,1),('13-58393856','2021-07-16',NULL,1,5,7,629,1),('13-58393859','2021-07-16',NULL,1,5,7,619,4),('13-58393861','2021-07-16',NULL,1,5,7,5,NULL),('13-58393882','2021-07-16',NULL,1,5,7,836,1),('13-58393887','2021-07-16',NULL,1,5,7,592,4),('13-58393891','2021-07-16',NULL,1,5,7,611,3),('13-58393892','2021-07-16',NULL,1,5,7,5,NULL),('13-58393893','2021-07-16',NULL,1,5,7,5,NULL),('13-58393921','2021-07-16',NULL,1,5,7,836,3),('13-58393923','2021-07-16',NULL,1,5,7,5,NULL),('13-58393928','2021-07-16',NULL,1,5,7,5,NULL),('13-58393932','2021-07-16',NULL,1,5,7,592,2),('13-58393938','2021-07-16',NULL,1,5,7,5,NULL),('13-58393940','2021-07-16',NULL,1,5,7,5,NULL),('13-58393952','2021-07-16',NULL,1,5,7,600,3),('13-58393953','2021-07-16',NULL,1,5,7,827,3),('13-58393954','2021-07-16',NULL,1,5,7,5,NULL),('13-58393959','2021-07-16',NULL,1,5,7,903,2),('13-58393961','2021-07-16',NULL,1,5,7,5,NULL),('13-58393963','2021-07-16',NULL,1,5,7,827,4),('13-58393966','2021-07-16',NULL,1,5,7,600,2),('13-58393970','2021-07-16',NULL,1,5,7,5,NULL),('13-58393971','2021-07-16',NULL,1,5,7,5,NULL),('13-58393972','2021-07-16',NULL,1,5,7,579,1),('13-58393973','2021-07-16',NULL,1,5,7,909,2),('13-58393974','2021-07-16',NULL,1,5,7,600,1),('13-58393986','2021-07-16',NULL,1,5,7,5,NULL),('13-58393988','2021-07-16',NULL,1,5,7,910,3),('13-58393989','2021-07-16',NULL,1,5,7,601,2),('13-58393990','2021-07-16',NULL,1,5,7,5,NULL),('13-58393991','2021-07-16',NULL,1,5,7,5,NULL),('13-58394156','2021-07-16',NULL,1,5,7,5,NULL),('13-58394157','2021-07-16',NULL,1,5,7,5,NULL),('13-58394159','2021-07-16',NULL,1,5,7,611,1),('13-58394160','2021-07-16',NULL,1,5,7,611,2),('13-58394166','2021-07-16',NULL,1,5,7,909,4),('13-58394170','2021-07-16',NULL,1,5,7,593,1),('13-58394172','2021-07-16',NULL,1,5,7,5,NULL),('13-58394176','2021-07-16',NULL,1,5,7,5,NULL),('13-58394179','2021-07-16',NULL,1,5,7,828,3),('13-58394186','2021-07-16',NULL,1,5,7,619,3),('13-58394196','2021-07-16',NULL,1,5,7,903,1),('13-58394197','2021-07-16',NULL,1,5,7,828,4),('13-58394199','2021-07-16',NULL,1,5,7,599,1),('13-58394202','2021-07-16',NULL,1,5,7,5,NULL),('13-58394206','2021-07-16',NULL,1,5,7,629,3),('13-58394208','2021-07-16',NULL,1,5,7,5,NULL),('13-58394216','2021-07-16',NULL,1,5,7,885,1),('13-58394228','2021-07-16',NULL,1,5,7,5,NULL),('13-58394229','2021-07-16',NULL,1,5,7,909,3),('13-58394231','2021-07-16',NULL,1,5,7,619,1),('13-58394232','2021-07-16',NULL,1,5,7,865,2),('13-58394233','2021-07-16',NULL,1,5,7,903,5),('13-58394234','2021-07-16',NULL,1,5,7,645,2),('13-58394236','2021-07-16',NULL,1,5,7,838,1),('13-58394238','2021-07-16',NULL,1,5,7,5,NULL),('13-58394240','2021-07-16',NULL,1,5,7,910,1),('13-58394241','2021-07-16',NULL,1,5,7,600,4),('13-58394244','2021-07-16',NULL,1,5,7,903,4),('13-58394245','2021-07-16',NULL,1,5,7,619,2),('13-58394248','2021-07-16',NULL,1,5,7,5,NULL),('13-58394249','2021-07-16',NULL,1,5,7,629,2),('13-58394254','2021-07-16',NULL,1,5,7,828,2),('13-58394255','2021-07-16',NULL,1,5,7,593,3),('13-58394261','2021-07-16',NULL,1,5,7,865,1),('13-58394262','2021-07-16',NULL,1,5,7,593,2),('13-58394264','2021-07-16',NULL,1,5,7,910,2),('13-58394267','2021-07-16',NULL,1,5,7,5,NULL),('13-58394269','2021-07-16',NULL,1,5,7,838,2),('13-58394274','2021-07-16',NULL,1,5,7,5,NULL),('13-58394275','2021-07-16',NULL,1,5,7,5,NULL),('13-58394288','2021-08-25',NULL,1,1,7,2221,NULL),('19238010558018','2021-06-29',NULL,1,1,15,2,NULL),('19241010552102','2021-07-23',NULL,3,1,15,1364,NULL),('19241010552115','2021-07-23',NULL,3,1,15,1364,NULL),('19241010552187','2021-07-23',NULL,3,1,15,1364,NULL),('19242010551129','2021-06-29',NULL,1,1,15,2,NULL),('19242010552087','2021-06-29',NULL,1,1,15,2,NULL),('19242010552095','2021-06-29',NULL,1,1,15,2,NULL),('19242010552096','2021-06-29',NULL,1,1,15,2,NULL),('19338010563632','2021-06-29',NULL,1,1,15,2,NULL),('19338010563637','2021-06-29',NULL,1,1,15,2,NULL),('19339010561791','2021-06-29',NULL,1,1,15,2,NULL),('19339010561794','2021-06-29',NULL,1,1,15,2,NULL),('19339010561797','2021-06-29',NULL,1,1,15,2,NULL),('19339010561799','2021-06-29',NULL,1,1,15,2,NULL),('19339010561807','2021-06-29',NULL,1,1,15,2,NULL),('19339010561809','2021-06-29',NULL,1,1,15,2,NULL),('19339010561811','2021-06-29',NULL,1,1,15,2,NULL),('19339010561815','2021-06-29',NULL,1,1,15,2,NULL),('19341010555672','2021-06-29',NULL,1,1,15,2,NULL),('19341010556172','2021-06-29',NULL,1,1,15,2,NULL),('19341010556183','2021-06-29',NULL,1,1,15,2,NULL),('19341010556240','2021-06-29',NULL,1,1,15,2,NULL),('19341010556250','2021-06-29',NULL,1,1,15,2,NULL),('19343010552486','2021-06-29',NULL,1,1,15,2,NULL),('19343010552488','2021-06-29',NULL,1,1,15,2,NULL),('19361010556150','2021-06-29',NULL,1,1,15,2,NULL),('1S3598H4SMJ374D7',NULL,NULL,3,6,36,878,NULL),('1SWLHH2',NULL,NULL,3,6,36,893,NULL),('1SWRHH2',NULL,NULL,3,6,36,901,NULL),('1SXNHH2',NULL,NULL,3,6,36,863,NULL),('20-55341181','2021-07-23',NULL,1,1,16,1364,NULL),('20-55341528','2021-07-23',NULL,1,1,16,1364,NULL),('20-55341558','2021-07-23',NULL,1,1,16,1364,NULL),('20-58604074','2021-06-27',NULL,1,1,16,2164,NULL),('20-58604096','2021-06-27',NULL,1,1,16,2164,NULL),('20-58604913','2021-06-27',NULL,1,1,16,2164,NULL),('20-58669548','2021-08-25',NULL,1,1,16,2221,NULL),('20-58669649','2021-08-25',NULL,1,1,16,2221,NULL),('20-58669672','2021-08-25',NULL,1,1,16,2221,NULL),('20073010553312','2021-06-29',NULL,1,1,15,2,NULL),('20073010553343','2021-06-29',NULL,1,1,15,2,NULL),('20073010553346','2021-06-29',NULL,1,1,15,2,NULL),('20073010553348','2021-06-29',NULL,1,1,15,2,NULL),('20073010553354','2021-06-29',NULL,1,1,15,2,NULL),('20073010553356','2021-06-29',NULL,1,1,15,2,NULL),('20073010553358','2021-06-29',NULL,1,1,15,2,NULL),('20073010553361','2021-06-29',NULL,1,1,15,2,NULL),('20073010553364','2021-06-29',NULL,1,1,15,2,NULL),('20073010553396','2021-06-29',NULL,1,1,15,611,2),('20073010553405','2021-06-29',NULL,1,1,15,2,NULL),('20073010553409','2021-06-29',NULL,1,1,15,2,NULL),('20073010553432','2021-06-29',NULL,1,1,15,2,NULL),('20073010553454','2021-06-29',NULL,1,1,15,611,3),('20074010551852','2021-06-29',NULL,1,1,15,2,NULL),('20074010551855','2021-06-29',NULL,1,1,15,2,NULL),('20074010551861','2021-06-29',NULL,1,1,15,2,NULL),('20074010551871','2021-06-29',NULL,1,1,15,2,NULL),('20077010554119','2021-06-29',NULL,1,1,15,2,NULL),('20077010554128','2021-06-29',NULL,1,1,15,2,NULL),('20077010554134','2021-06-29',NULL,1,1,15,2,NULL),('20077010554136','2021-06-29',NULL,1,1,15,2,NULL),('20077010554137','2021-06-29',NULL,1,1,15,2,NULL),('20077010554138','2021-06-29',NULL,1,1,15,2,NULL),('20077010554142','2021-06-29',NULL,1,1,15,2,NULL),('20077010554143','2021-06-29',NULL,1,1,15,2,NULL),('20077010554144','2021-06-29',NULL,1,1,15,2,NULL),('20077010554145','2021-06-29',NULL,1,1,15,2,NULL),('20077010554147','2021-06-29',NULL,1,1,15,2,NULL),('20077010554151','2021-06-29',NULL,1,1,15,2,NULL),('20077010554154','2021-06-29',NULL,1,1,15,2,NULL),('20077010554157','2021-06-29',NULL,1,1,15,2,NULL),('20077010554168','2021-06-29',NULL,1,1,15,2,NULL),('20191010555075','2021-06-29',NULL,1,1,15,1,NULL),('20191010555092','2021-06-27',NULL,1,1,15,2164,NULL),('20191010555096','2021-06-29',NULL,1,1,15,1,NULL),('20191010555128','2021-06-29',NULL,1,1,15,1,NULL),('20191010555142','2021-06-27',NULL,1,1,15,2164,NULL),('20191010555146','2021-06-29',NULL,1,1,15,1,NULL),('20191010555147','2021-06-29',NULL,1,1,15,1,NULL),('20191010555179','2021-06-29',NULL,1,1,15,2,NULL),('20191010555180','2021-06-29',NULL,1,1,15,2,NULL),('20191010555195','2021-06-29',NULL,1,1,15,1,NULL),('20203010558699','2021-06-29',NULL,1,1,15,1,NULL),('20203010559653','2021-06-29',NULL,1,1,15,1,NULL),('20203010559655','2021-06-29',NULL,1,1,15,1,NULL),('20203010559666','2021-06-29',NULL,1,1,15,1,NULL),('20203010559693','2021-06-29',NULL,1,1,15,2,NULL),('20203010559699','2021-06-27',NULL,1,1,15,2164,NULL),('20203010559703','2021-06-29',NULL,1,1,15,1,NULL),('20204010554589','2021-06-29',NULL,1,1,15,1,NULL),('20204010554593','2021-06-29',NULL,1,1,15,1,NULL),('20204010554602','2021-06-29',NULL,1,1,15,1,NULL),('20204010554608','2021-06-29',NULL,1,1,15,1,NULL),('20204010559085','2021-06-29',NULL,1,1,15,2,NULL),('20204010559093','2021-06-29',NULL,1,1,15,2,NULL),('20282010556402','2021-06-29',NULL,1,1,15,2,NULL),('20282010556407','2021-06-29',NULL,1,1,15,611,1),('20310010561773','2021-06-29',NULL,1,1,15,1,NULL),('20335010559728','2021-06-29',NULL,1,1,15,1,NULL),('20335010559813','2021-06-29',NULL,1,1,15,1,NULL),('20335010559815','2021-06-29',NULL,1,1,15,1,NULL),('20335010559816','2021-06-29',NULL,1,1,15,1,NULL),('20335010559817','2021-06-29',NULL,1,1,15,1,NULL),('20335010559819','2021-06-29',NULL,1,1,15,1,NULL),('20335010559820','2021-06-29',NULL,1,1,15,1,NULL),('20335010559822','2021-06-29',NULL,1,1,15,1,NULL),('20335010559825','2021-06-29',NULL,1,1,15,1,NULL),('20335010559831','2021-06-29',NULL,1,1,15,1,NULL),('20335010559839','2021-06-29',NULL,1,1,15,1,NULL),('21046010551375','2021-06-29',NULL,1,1,15,1,NULL),('21046010551383','2021-06-29',NULL,1,1,15,827,1),('21046010551385','2021-06-29',NULL,1,1,15,1,NULL),('21046010551391','2021-06-29',NULL,1,1,15,827,2),('21051010556743','2021-06-29',NULL,1,1,15,2,NULL),('21051010556749','2021-06-29',NULL,1,1,15,2,NULL),('21051010556751','2021-06-29',NULL,1,1,15,2,NULL),('21051010556778','2021-06-29',NULL,1,1,15,1,NULL),('21051010556807','2021-06-29',NULL,1,1,15,1,NULL),('21051010556812','2021-06-29',NULL,1,1,15,1,NULL),('21053010553952','2021-06-29',NULL,1,1,15,1,NULL),('21053010553955','2021-06-29',NULL,1,1,15,592,3),('21053010553956','2021-06-29',NULL,1,1,15,1,NULL),('21053010553957','2021-06-29',NULL,1,1,15,1,NULL),('21053010553967','2021-06-29',NULL,1,1,15,1,NULL),('21053010553973','2021-06-29',NULL,1,1,15,1,NULL),('21053010553976','2021-06-29',NULL,1,1,15,1,NULL),('21053010553987','2021-06-29',NULL,1,1,15,1,NULL),('21053010555178','2021-07-16',NULL,1,5,15,5,NULL),('21053010555210','2021-07-16',NULL,1,5,15,896,NULL),('21053010555213','2021-07-16',NULL,1,5,15,5,NULL),('21053010555215','2021-07-16',NULL,1,5,15,5,NULL),('21053010555219','2021-07-16',NULL,1,5,15,909,3),('21053010555222','2021-07-16',NULL,1,5,15,903,1),('21053010555230','2021-07-16',NULL,1,5,15,885,2),('21053010555232','2021-07-16',NULL,1,5,15,645,2),('21053010555233','2021-07-16',NULL,1,5,15,903,2),('21053010555234','2021-07-16',NULL,1,5,15,5,NULL),('21053010555260','2021-06-29',NULL,1,1,15,592,4),('21053010555267','2021-06-29',NULL,1,1,15,1,NULL),('21053010555268','2021-06-29',NULL,1,1,15,827,3),('21053010555269','2021-06-29',NULL,1,1,15,1,NULL),('21053010555271','2021-06-29',NULL,1,1,15,1,NULL),('21054010558660','2021-06-29',NULL,1,1,15,2,NULL),('21054010558674','2021-06-29',NULL,1,1,15,2,NULL),('21055010553439','2021-06-29',NULL,1,1,15,2,NULL),('21055010553440','2021-06-29',NULL,1,1,15,2,NULL),('21055010553441','2021-06-29',NULL,1,1,15,2,NULL),('21055010553443','2021-06-29',NULL,1,1,15,2,NULL),('21111010558993','2021-07-16',NULL,1,5,15,865,1),('21111010559005','2021-08-25',NULL,1,1,15,2221,NULL),('21111010559013','2021-07-16',NULL,1,5,15,903,5),('21111010559014','2021-08-25',NULL,1,1,15,2221,NULL),('21111010559017','2021-07-16',NULL,1,5,15,828,3),('21111010559018','2021-07-16',NULL,1,5,15,5,NULL),('21111010559021','2021-07-16',NULL,1,5,15,828,1),('21111010559025','2021-07-16',NULL,1,5,15,600,3),('21111010559027','2021-07-16',NULL,1,5,15,838,2),('21111010559034','2021-07-16',NULL,1,5,15,593,1),('21111010559035','2021-07-16',NULL,1,5,15,909,4),('21111010559036','2021-07-16',NULL,1,5,15,903,3),('21111010559037','2021-07-16',NULL,1,5,15,579,1),('21111010559038','2021-08-25',NULL,1,1,15,2221,NULL),('21111010559039','2021-07-16',NULL,1,5,15,599,2),('21112010552534','2021-07-16',NULL,1,5,15,903,4),('21112010552535','2021-07-16',NULL,1,5,15,593,2),('21112010556002','2021-07-16',NULL,1,5,15,600,2),('21112010556010','2021-07-16',NULL,1,5,15,645,3),('21112010556013','2021-07-16',NULL,1,5,15,645,1),('21112010556015','2021-07-16',NULL,1,5,15,593,3),('21112010556017','2021-07-16',NULL,1,5,15,5,NULL),('21112010556019','2021-07-16',NULL,1,5,15,601,1),('21112010556024','2021-07-16',NULL,1,5,15,5,NULL),('21112010556025','2021-07-16',NULL,1,5,15,838,1),('21112010556027','2021-07-16',NULL,1,5,15,601,2),('21112010556028','2021-07-16',NULL,1,5,15,910,2),('21112010556030','2021-07-16',NULL,1,5,15,629,3),('21112010556031','2021-07-16',NULL,1,5,15,910,1),('21112010556032','2021-07-16',NULL,1,5,15,600,4),('21112010556033','2021-07-16',NULL,1,5,15,619,2),('21112010556034','2021-07-16',NULL,1,5,15,828,2),('21112010556035','2021-07-16',NULL,1,5,15,836,3),('21112010556036','2021-07-16',NULL,1,5,15,827,4),('21112010556038','2021-07-16',NULL,1,5,15,629,1),('21112010556042','2021-07-16',NULL,1,5,15,910,4),('21112010556045','2021-07-16',NULL,1,5,15,619,3),('21112010556047','2021-07-16',NULL,1,5,15,5,NULL),('21112010556053','2021-07-16',NULL,1,5,15,5,NULL),('21112010556626','2021-07-16',NULL,1,5,15,896,NULL),('21112010556627','2021-07-16',NULL,1,5,15,827,5),('21112010556628','2021-07-16',NULL,1,5,15,5,NULL),('21112010556629','2021-07-16',NULL,1,5,15,5,NULL),('21112010556630','2021-07-16',NULL,1,5,15,5,NULL),('21112010556631','2021-07-16',NULL,1,5,15,836,2),('21112010556632','2021-07-16',NULL,1,5,15,5,NULL),('21112010556633','2021-07-16',NULL,1,5,15,5,NULL),('21112010556634','2021-07-16',NULL,1,5,15,5,NULL),('21112010556635','2021-07-16',NULL,1,5,15,629,2),('21112010556636','2021-07-16',NULL,1,5,15,836,1),('21112010556637','2021-07-16',NULL,1,5,15,5,NULL),('21112010556638','2021-07-16',NULL,1,5,15,5,NULL),('21112010556639','2021-07-16',NULL,1,5,15,910,3),('21112010556640','2021-07-16',NULL,1,5,15,5,NULL),('21112010556641','2021-07-16',NULL,1,5,15,5,NULL),('21112010556642','2021-07-16',NULL,1,5,15,5,NULL),('21112010556643','2021-07-16',NULL,1,5,15,5,NULL),('21112010556644','2021-07-16',NULL,1,5,15,5,NULL),('21112010556645','2021-07-16',NULL,1,5,15,5,NULL),('21112010556646','2021-07-16',NULL,1,5,15,5,NULL),('21112010556647','2021-07-16',NULL,1,5,15,5,NULL),('21112010556649','2021-07-16',NULL,1,5,15,5,NULL),('21112010556650','2021-07-16',NULL,1,5,15,5,NULL),('21112010556651','2021-07-16',NULL,1,5,15,5,NULL),('21112010556652','2021-07-16',NULL,1,5,15,600,1),('21112010556653','2021-07-16',NULL,1,5,15,909,2),('21112010556654','2021-07-16',NULL,1,5,15,5,NULL),('21112010556655','2021-07-16',NULL,1,5,15,5,NULL),('21112010556656','2021-07-16',NULL,1,5,15,909,1),('21112010556658','2021-07-16',NULL,1,5,15,5,NULL),('21112010556659','2021-07-16',NULL,1,5,15,5,NULL),('21112010556661','2021-07-16',NULL,1,5,15,5,NULL),('21112010556663','2021-07-16',NULL,1,5,15,5,NULL),('21112010556664','2021-07-16',NULL,1,5,15,5,NULL),('21112010556667','2021-07-16',NULL,1,5,15,5,NULL),('21112010556668','2021-07-16',NULL,1,5,15,5,NULL),('21112010556670','2021-07-16',NULL,1,5,15,5,NULL),('21112010556672','2021-07-16',NULL,1,5,15,5,NULL),('21112010556673','2021-07-16',NULL,1,5,15,5,NULL),('21112010556674','2021-07-16',NULL,1,5,15,5,NULL),('21112010556709','2021-07-16',NULL,1,5,15,865,2),('21112010556710','2021-07-16',NULL,1,5,15,896,NULL),('21112010556715','2021-07-16',NULL,1,5,15,592,2),('21112010556716','2021-07-16',NULL,1,5,15,619,4),('21112010556717','2021-07-16',NULL,1,5,15,599,1),('21112010556718','2021-07-16',NULL,1,5,15,5,NULL),('21112010556719','2021-07-16',NULL,1,5,15,828,4),('21112010556720','2021-07-16',NULL,1,5,15,885,1),('21112010556721','2021-07-16',NULL,1,5,15,896,NULL),('21112010556722','2021-07-16',NULL,1,5,15,619,1),('21112010556723','2021-07-16',NULL,1,5,15,579,2),('21112010556724','2021-07-16',NULL,1,5,15,5,NULL),('21112010556725','2021-07-16',NULL,1,5,15,592,1),('22MTD25LB139670E','2021-08-05',NULL,1,1,45,1105,NULL),('22MTD25LB1396770','2021-08-05',NULL,1,1,45,1105,NULL),('22MTD25LB139677A','2021-08-05',NULL,1,1,45,1105,NULL),('22MTD25LB139677C','2021-08-05',NULL,1,1,45,1105,NULL),('22MTD25LB1396786','2021-08-05',NULL,1,1,45,1105,NULL),('22MTD25LB13967AC','2021-08-05',NULL,1,1,45,1105,NULL),('22MTD25LB13967BC','2021-08-05',NULL,1,1,45,1105,NULL),('22MTD25LB13967CA','2021-08-05',NULL,1,1,45,1105,NULL),('22MTD25LB139680A','2021-08-05',NULL,1,1,45,1105,NULL),('22MTD25LB139680C','2021-08-05',NULL,1,1,45,1105,NULL),('22MTD25LB139681A','2021-08-05',NULL,1,1,45,1105,NULL),('22MTD25LB139681E','2021-08-05',NULL,1,1,45,1105,NULL),('22MTD25LB1396828','2021-08-05',NULL,1,1,45,2221,NULL),('22MTD25LB139682A','2021-08-05',NULL,1,1,45,1105,NULL),('22MTD25LB1396840','2021-08-05',NULL,1,1,45,1105,NULL),('22MTD25LB1396844','2021-08-05',NULL,1,1,45,1105,NULL),('22MTD25LB139684C','2021-08-05',NULL,1,1,45,1105,NULL),('22MTD25LB1396850','2021-08-05',NULL,1,1,45,1105,NULL),('22MTD25LB139685A','2021-08-05',NULL,1,1,45,1105,NULL),('22MTD25LB139685C','2021-08-05',NULL,1,1,45,1105,NULL),('22MTD25LB1396860','2021-08-05',NULL,1,1,45,1105,NULL),('22MTD25LB1396868','2021-08-05',NULL,1,1,45,1105,NULL),('22MTD25LB1396880','2021-08-05',NULL,1,1,45,1105,NULL),('22MTD25LB1396884','2021-08-05',NULL,1,1,45,1105,NULL),('22MTD25LB1396888','2021-08-05',NULL,1,1,45,1105,NULL),('271473','2021-06-29',NULL,1,1,18,2,NULL),('271480','2021-06-29',NULL,1,1,18,2,NULL),('278232','2021-06-29',NULL,1,1,18,2,NULL),('278233','2021-06-29',NULL,1,1,18,2,NULL),('278275','2021-06-29',NULL,1,1,18,2,NULL),('278276','2021-06-29',NULL,1,1,18,2,NULL),('278283','2021-06-29',NULL,1,1,18,2,NULL),('278331','2021-06-29',NULL,1,1,18,2,NULL),('278333','2021-06-29',NULL,1,1,18,2,NULL),('278335','2021-06-29',NULL,1,1,18,2,NULL),('278336','2021-06-29',NULL,1,1,18,2,NULL),('278338','2021-06-29',NULL,1,1,18,2,NULL),('278339','2021-06-29',NULL,1,1,18,2,NULL),('278346','2021-06-29',NULL,1,1,18,2,NULL),('278347','2021-06-29',NULL,1,1,18,2,NULL),('278348','2021-06-29',NULL,1,1,18,2,NULL),('278349','2021-06-29',NULL,1,1,18,2,NULL),('278350','2021-06-29',NULL,1,1,18,2,NULL),('278351','2021-06-29',NULL,1,1,18,2,NULL),('279072','2021-06-29',NULL,1,1,18,2,NULL),('279073','2021-06-29',NULL,1,1,18,2,NULL),('279075','2021-06-29',NULL,1,1,18,2,NULL),('279076','2021-06-29',NULL,1,1,18,2,NULL),('279082','2021-06-29',NULL,1,1,18,2,NULL),('279083','2021-06-29',NULL,1,1,18,2,NULL),('286123','2021-06-29',NULL,1,1,18,2,NULL),('286124','2021-06-29',NULL,1,1,18,2,NULL),('286125','2021-06-29',NULL,1,1,18,2,NULL),('286126','2021-06-29',NULL,1,1,18,2,NULL),('286127','2021-06-29',NULL,1,1,18,2,NULL),('286128','2021-06-29',NULL,1,1,18,2,NULL),('286129','2021-06-29',NULL,1,1,18,2,NULL),('286130','2021-06-29',NULL,1,1,18,2,NULL),('286131','2021-06-29',NULL,1,1,18,2,NULL),('286132','2021-06-29',NULL,1,1,18,2,NULL),('286133','2021-06-29',NULL,1,1,18,2,NULL),('286134','2021-06-29',NULL,1,1,18,2,NULL),('287415','2021-06-27',NULL,1,1,18,2164,NULL),('289075','2021-06-28',NULL,1,1,18,2164,NULL),('289077','2021-06-29',NULL,1,1,18,2164,NULL),('29026 1',NULL,NULL,1,1,18,865,1),('29026 3',NULL,NULL,1,1,18,865,2),('290261','2021-08-18',NULL,1,1,45,1,NULL),('290700','2021-08-25',NULL,1,1,18,2221,NULL),('290704','2021-08-25',NULL,1,1,18,2221,NULL),('290705','2021-08-25',NULL,1,1,18,2221,NULL),('290942','2021-07-21',NULL,1,5,18,5,NULL),('290943','2021-07-21',NULL,1,5,18,5,NULL),('290944','2021-07-21',NULL,1,5,18,5,NULL),('290945','2021-07-21',NULL,1,5,18,5,NULL),('290946','2021-07-21',NULL,1,5,18,5,NULL),('290947','2021-07-21',NULL,1,5,18,5,NULL),('290948','2021-07-21',NULL,1,5,18,5,NULL),('290949','2021-07-21',NULL,1,5,18,5,NULL),('290950','2021-07-21',NULL,1,5,18,5,NULL),('290951','2021-07-21',NULL,1,5,18,5,NULL),('290952','2021-07-21',NULL,1,5,18,5,NULL),('290953','2021-07-21',NULL,1,5,18,5,NULL),('290954','2021-07-21',NULL,1,5,18,5,NULL),('290955','2021-07-21',NULL,1,5,18,5,NULL),('290956','2021-07-21',NULL,1,5,18,5,NULL),('290957','2021-07-21',NULL,1,5,18,5,NULL),('290958','2021-07-21',NULL,1,5,18,5,NULL),('290959','2021-07-21',NULL,1,5,18,5,NULL),('290960','2021-07-21',NULL,1,5,18,5,NULL),('290961','2021-07-21',NULL,1,5,18,5,NULL),('290962','2021-07-21',NULL,1,5,18,5,NULL),('290963','2021-07-21',NULL,1,5,18,5,NULL),('290964','2021-07-21',NULL,1,5,18,5,NULL),('290965','2021-07-21',NULL,1,5,18,5,NULL),('290966','2021-07-21',NULL,1,5,18,5,NULL),('290967','2021-07-21',NULL,1,5,18,5,NULL),('290968','2021-07-21',NULL,1,5,18,5,NULL),('290969','2021-07-21',NULL,1,5,18,5,NULL),('290970','2021-07-21',NULL,1,5,18,5,NULL),('290971','2021-07-21',NULL,1,5,18,5,NULL),('291231','2021-07-23',NULL,1,1,18,1364,NULL),('291233','2021-07-23',NULL,1,1,18,1364,NULL),('291236','2021-07-23',NULL,1,1,18,1364,NULL),('291662','2021-07-21',NULL,1,5,18,896,NULL),('291663','2021-07-21',NULL,1,5,18,592,NULL),('291664','2021-07-21',NULL,1,5,18,827,4),('291665','2021-07-21',NULL,1,5,18,896,NULL),('291666','2021-07-21',NULL,1,5,18,896,NULL),('291667','2021-07-21',NULL,1,5,18,592,2),('291668','2021-07-21',NULL,1,5,18,592,4),('291669','2021-07-21',NULL,1,5,18,896,NULL),('291670','2021-07-21',NULL,1,5,18,827,5),('291671','2021-07-21',NULL,1,5,18,592,1),('291962','2021-07-21',NULL,1,5,18,828,1),('291963','2021-07-21',NULL,1,5,18,828,2),('291964','2021-07-21',NULL,1,5,18,828,3),('291965','2021-07-21',NULL,1,5,18,828,4),('291966','2021-07-21',NULL,1,5,18,645,2),('291967','2021-07-21',NULL,1,5,18,645,3),('291968','2021-07-21',NULL,1,5,18,600,4),('291969','2021-07-21',NULL,1,5,18,600,3),('291970','2021-07-21',NULL,1,5,18,600,2),('291971','2021-07-21',NULL,1,5,18,600,1),('291972','2021-07-21',NULL,1,5,18,645,1),('291973','2021-07-21',NULL,1,5,18,836,1),('291974','2021-07-21',NULL,1,5,18,601,1),('291975','2021-07-21',NULL,1,5,18,601,2),('291976','2021-07-21',NULL,1,5,18,629,2),('291977','2021-07-21',NULL,1,5,18,629,3),('291978','2021-07-21',NULL,1,5,18,836,2),('291979','2021-07-21',NULL,1,5,18,836,3),('291980','2021-07-21',NULL,1,5,18,629,1),('291981','2021-07-21',NULL,1,5,18,910,1),('291982','2021-07-21',NULL,1,5,18,910,2),('291983','2021-07-21',NULL,1,5,18,910,3),('291984','2021-07-21',NULL,1,5,18,910,4),('291985','2021-07-21',NULL,1,5,18,5,NULL),('291986','2021-07-21',NULL,1,5,18,5,NULL),('291987','2021-07-21',NULL,1,5,18,5,NULL),('291988','2021-07-21',NULL,1,5,18,5,NULL),('291989','2021-07-21',NULL,1,5,18,5,NULL),('291990','2021-07-21',NULL,1,5,18,5,NULL),('291991','2021-07-21',NULL,1,5,18,5,NULL),('292142','2021-07-21',NULL,1,5,18,827,3),('292143','2021-07-21',NULL,1,5,18,827,1),('292144','2021-07-21',NULL,1,5,18,827,2),('292145','2021-07-21',NULL,1,5,18,619,2),('292146','2021-07-21',NULL,1,5,18,619,3),('292147','2021-07-21',NULL,1,5,18,619,4),('292148','2021-07-21',NULL,1,5,18,619,1),('292149','2021-07-21',NULL,1,5,18,593,3),('292150','2021-07-21',NULL,1,5,18,599,2),('292151','2021-07-21',NULL,1,5,18,599,1),('292152','2021-07-21',NULL,1,5,18,593,1),('292153','2021-07-21',NULL,1,5,18,593,2),('292154','2021-07-21',NULL,1,5,18,611,2),('292155','2021-07-21',NULL,1,5,18,611,1),('292156','2021-07-21',NULL,1,5,18,611,3),('292157','2021-07-21',NULL,1,5,18,903,2),('292158','2021-07-21',NULL,1,5,18,903,3),('292159','2021-07-21',NULL,1,5,18,903,4),('292160','2021-07-21',NULL,1,5,18,903,1),('292161','2021-07-21',NULL,1,5,18,903,5),('292162','2021-07-21',NULL,1,5,18,579,1),('292163','2021-07-21',NULL,1,5,18,579,2),('292164','2021-07-21',NULL,1,5,18,885,2),('292165','2021-07-21',NULL,1,5,18,885,1),('292166','2021-07-21',NULL,1,5,18,838,1),('292167','2021-07-21',NULL,1,5,18,838,2),('292168','2021-07-21',NULL,1,5,18,909,2),('292169','2021-07-21',NULL,1,5,18,909,1),('292170','2021-07-21',NULL,1,5,18,909,4),('292171','2021-07-21',NULL,1,5,18,909,3),('292436','2021-06-29',NULL,1,1,18,2,NULL),('292441','2021-06-29',NULL,1,1,18,2,NULL),('292475','2021-06-29',NULL,1,1,18,2,NULL),('30-52955594','2021-06-28',NULL,4,1,7,1,NULL),('30-52955595',NULL,NULL,3,1,7,1642,NULL),('30-53506326',NULL,NULL,3,1,7,1641,NULL),('30-53506327',NULL,NULL,3,1,7,1700,NULL),('30-53506329',NULL,NULL,3,1,7,1868,NULL),('30-53506330',NULL,NULL,3,1,7,1699,NULL),('30-53506718',NULL,NULL,3,1,7,1700,NULL),('30-53506844',NULL,NULL,3,1,7,1678,NULL),('30-53506855',NULL,NULL,3,1,7,831,NULL),('30-53506872',NULL,NULL,3,1,7,1545,NULL),('30-53506887',NULL,NULL,3,1,7,605,NULL),('309028','2021-06-29',NULL,1,1,18,2,NULL),('309029','2021-06-29',NULL,1,1,18,2,NULL),('309032','2021-06-29',NULL,1,1,18,2,NULL),('309033','2021-06-29',NULL,1,1,18,2,NULL),('309036','2021-06-29',NULL,1,1,18,2,NULL),('309037','2021-06-29',NULL,1,1,18,2,NULL),('309038','2021-06-29',NULL,1,1,18,2,NULL),('309039','2021-06-29',NULL,1,1,18,2,NULL),('309628','2021-06-29',NULL,1,1,18,2,NULL),('309634','2021-06-29',NULL,1,1,18,2,NULL),('309635','2021-06-29',NULL,1,1,18,2,NULL),('309636','2021-06-29',NULL,1,1,18,2,NULL),('309637','2021-06-29',NULL,1,1,18,2,NULL),('309639','2021-06-29',NULL,1,1,18,2,NULL),('309640','2021-06-29',NULL,1,1,18,2,NULL),('309641','2021-06-29',NULL,1,1,18,2,NULL),('309642','2021-06-29',NULL,1,1,18,2,NULL),('309644','2021-06-29',NULL,1,1,18,2,NULL),('309645','2021-06-29',NULL,1,1,18,2,NULL),('309646','2021-06-29',NULL,1,1,18,2,NULL),('309647','2021-06-29',NULL,1,1,18,2,NULL),('309648','2021-06-29',NULL,1,1,18,2,NULL),('309649','2021-06-29',NULL,1,1,18,2,NULL),('309652','2021-06-29',NULL,1,1,18,2,NULL),('309653','2021-06-29',NULL,1,1,18,2,NULL),('309654','2021-06-29',NULL,1,1,18,2,NULL),('309655','2021-06-29',NULL,1,1,18,2,NULL),('309656','2021-06-29',NULL,1,1,18,2,NULL),('309657','2021-06-29',NULL,1,1,18,2,NULL),('309719','2021-06-29',NULL,1,1,18,2,NULL),('309720','2021-06-29',NULL,1,1,18,2,NULL),('309721','2021-06-29',NULL,1,1,18,2,NULL),('309722','2021-06-29',NULL,1,1,18,2,NULL),('309723','2021-06-29',NULL,1,1,18,2,NULL),('5300700695',NULL,NULL,3,1,5,633,NULL),('5300700705',NULL,NULL,3,1,5,631,NULL),('5300700718',NULL,NULL,3,1,5,879,NULL),('5300700740',NULL,NULL,3,1,5,884,NULL),('5300706433',NULL,NULL,3,1,5,647,NULL),('5300706443',NULL,NULL,3,1,5,877,NULL),('5300706444',NULL,NULL,3,1,5,845,NULL),('5300713671',NULL,NULL,3,1,5,611,NULL),('5300713694',NULL,NULL,3,1,5,895,NULL),('53R0005918',NULL,NULL,3,1,5,601,1),('53R0005979',NULL,NULL,3,1,5,600,NULL),('53R0005985',NULL,NULL,3,1,5,832,NULL),('53R0005990',NULL,NULL,3,1,5,897,NULL),('53R0005993',NULL,NULL,3,1,5,888,NULL),('53R0005998',NULL,NULL,3,1,5,591,NULL),('53R0008620',NULL,NULL,3,1,5,889,NULL),('53R0008622',NULL,NULL,3,1,5,577,NULL),('53R0008671',NULL,NULL,3,1,5,573,NULL),('53R0008690',NULL,NULL,3,1,5,578,NULL),('53R0008721',NULL,NULL,3,1,5,829,NULL),('53R0008735',NULL,NULL,3,1,5,574,NULL),('53R0008745',NULL,NULL,9,1,5,1113,NULL),('53R0008774',NULL,NULL,3,1,5,577,NULL),('53R0008780',NULL,NULL,3,1,5,873,NULL),('53R0008806',NULL,NULL,3,1,5,654,NULL),('53R0030852',NULL,NULL,3,1,5,862,NULL),('53R0030854',NULL,NULL,3,1,5,880,NULL),('53R0030871',NULL,NULL,3,1,5,633,NULL),('53R0030873',NULL,NULL,3,1,5,878,NULL),('53R0030887',NULL,NULL,3,1,5,872,NULL),('53R0030919',NULL,NULL,3,1,5,872,NULL),('53R0094328',NULL,NULL,3,1,5,901,NULL),('53R0094329',NULL,NULL,3,1,5,881,NULL),('53R0094330',NULL,NULL,3,1,5,829,NULL),('53R0094331',NULL,NULL,3,1,5,828,NULL),('53R0094333',NULL,NULL,3,1,5,863,NULL),('53R0094335',NULL,NULL,3,1,5,838,NULL),('53R0094351',NULL,NULL,3,1,5,863,NULL),('53R0094354',NULL,NULL,3,1,5,838,NULL),('53R0094383',NULL,NULL,3,1,5,881,NULL),('53R0108477',NULL,NULL,3,1,5,864,NULL),('53R0108487',NULL,NULL,3,1,5,633,NULL),('53R0108494',NULL,NULL,3,1,5,632,NULL),('53R0108498',NULL,NULL,3,1,5,632,NULL),('53R0108503',NULL,NULL,3,1,5,578,NULL),('53R0108513',NULL,NULL,3,1,5,576,NULL),('53R0108522',NULL,NULL,3,1,5,631,NULL),('53R0108523',NULL,NULL,3,1,5,825,NULL),('53R0118316',NULL,NULL,3,1,5,581,NULL),('53R0118322',NULL,NULL,3,1,5,632,NULL),('53R0118323',NULL,NULL,3,1,5,878,NULL),('53R0118329',NULL,NULL,3,1,5,840,NULL),('53R0118330',NULL,NULL,3,1,5,850,NULL),('53R0118331',NULL,NULL,3,1,5,581,NULL),('53R0118344',NULL,NULL,3,1,5,840,NULL),('53R0118346',NULL,NULL,3,1,5,835,NULL),('53R0118350',NULL,NULL,3,1,5,583,NULL),('53R0118351',NULL,NULL,3,1,5,583,NULL),('53R0118355',NULL,NULL,3,1,5,582,NULL),('53R0118356',NULL,NULL,3,1,5,853,NULL),('53R0118359',NULL,NULL,3,1,5,831,NULL),('53R0118360',NULL,NULL,3,1,5,585,NULL),('53R0118364',NULL,NULL,3,1,5,841,NULL),('53R0118366',NULL,NULL,3,1,5,597,NULL),('53R0118368',NULL,NULL,3,1,5,582,NULL),('53R0118369',NULL,NULL,3,1,5,584,NULL),('53R0118370',NULL,NULL,3,1,5,582,NULL),('53R0118372',NULL,NULL,3,1,5,600,NULL),('53R0118375',NULL,NULL,3,1,5,602,NULL),('53R0118377',NULL,NULL,3,1,5,581,NULL),('53R0118382',NULL,NULL,3,1,5,841,NULL),('53R0118387',NULL,NULL,9,1,5,1113,NULL),('53R0118390',NULL,NULL,3,1,5,584,NULL),('53R0118392',NULL,NULL,3,1,5,1113,NULL),('53R0118393',NULL,NULL,3,1,5,600,NULL),('53R0118394',NULL,NULL,3,1,5,874,NULL),('53R0118395',NULL,NULL,3,1,5,836,NULL),('53R0118397',NULL,NULL,3,1,5,630,NULL),('53R0124082',NULL,NULL,3,1,5,857,NULL),('53R0124084',NULL,NULL,3,1,5,647,NULL),('53R0124085',NULL,NULL,3,1,5,857,NULL),('53R0124094',NULL,NULL,3,1,5,579,NULL),('53R0124095',NULL,NULL,3,1,5,579,NULL),('53R0124096',NULL,NULL,3,1,5,882,NULL),('53R0124098',NULL,NULL,3,1,5,882,NULL),('53R0124103',NULL,NULL,3,1,5,828,NULL),('53R0124105',NULL,NULL,3,1,5,1055,NULL),('53R0124140',NULL,NULL,3,1,5,600,NULL),('53R0124144',NULL,NULL,3,1,5,829,NULL),('53R0124149',NULL,NULL,3,1,5,879,NULL),('53R0124152',NULL,NULL,3,1,5,845,NULL),('53R0124153',NULL,NULL,3,1,5,839,NULL),('53R0124163',NULL,NULL,3,1,5,654,NULL),('53R0124166',NULL,NULL,3,1,5,864,NULL),('53R0149317',NULL,NULL,3,1,5,875,NULL),('53R0149318',NULL,NULL,3,1,5,875,NULL),('53R0149319',NULL,NULL,3,1,5,884,NULL),('53R0149320',NULL,NULL,3,1,5,910,NULL),('53R0149321',NULL,NULL,3,1,5,830,NULL),('53R0149323',NULL,NULL,3,1,5,877,NULL),('53R0149324',NULL,NULL,3,1,5,836,NULL),('53R0149325',NULL,NULL,3,1,5,646,NULL),('53R0149336',NULL,NULL,3,1,5,846,NULL),('53R0149337',NULL,NULL,3,1,5,646,NULL),('53R0149338',NULL,NULL,3,1,5,872,NULL),('53R0149341',NULL,NULL,3,1,5,830,NULL),('53R0149343',NULL,NULL,3,1,5,826,NULL),('53R0149344',NULL,NULL,3,1,5,824,NULL),('53R0149374',NULL,NULL,3,1,5,831,NULL),('53R0149397',NULL,NULL,3,1,5,830,NULL),('53R0149398',NULL,NULL,3,1,5,846,NULL),('53R0151003',NULL,NULL,3,1,5,602,NULL),('53R0151005',NULL,NULL,3,1,5,587,NULL),('53R0151006',NULL,NULL,3,1,5,647,NULL),('53R0151008',NULL,NULL,3,1,5,572,NULL),('53R0151009',NULL,NULL,3,1,5,885,NULL),('53R0151010',NULL,NULL,3,1,5,647,NULL),('53R0151011',NULL,NULL,3,1,5,572,NULL),('53R0151013',NULL,NULL,3,1,5,571,NULL),('53R0151015',NULL,NULL,3,1,5,571,NULL),('53R0151016',NULL,NULL,3,1,5,897,NULL),('53R0151034',NULL,NULL,3,1,5,885,NULL),('53R0151035',NULL,NULL,3,1,5,578,NULL),('53R0151036',NULL,NULL,3,1,5,585,NULL),('53R0151038',NULL,NULL,3,1,5,913,NULL),('53R0151039',NULL,NULL,3,1,5,842,NULL),('53R0151049',NULL,NULL,3,1,5,842,NULL),('53R0151051',NULL,NULL,3,1,5,886,NULL),('53R0151084',NULL,NULL,3,1,5,886,NULL),('53R0151086',NULL,NULL,3,1,5,842,NULL),('53R0152957',NULL,NULL,3,1,5,588,NULL),('53R0152959',NULL,NULL,3,1,5,874,NULL),('53R0152960',NULL,NULL,3,1,5,576,NULL),('53R0152981',NULL,NULL,3,1,5,588,NULL),('53R0152984',NULL,NULL,3,1,5,825,NULL),('53R0152986',NULL,NULL,3,1,5,615,NULL),('53R0152987',NULL,NULL,3,1,5,874,NULL),('53R0152989',NULL,NULL,3,1,5,615,NULL),('53R0152990',NULL,NULL,3,1,5,886,NULL),('53R0153002',NULL,NULL,3,1,5,853,NULL),('53R0153003',NULL,NULL,3,1,5,913,NULL),('53R0153005',NULL,NULL,3,1,5,866,NULL),('53R0153006',NULL,NULL,3,1,5,910,NULL),('53R0153007',NULL,NULL,3,1,5,888,NULL),('53R0153013',NULL,NULL,3,1,5,847,NULL),('53R0153016',NULL,NULL,3,1,5,866,NULL),('53R0153035',NULL,NULL,3,1,5,846,NULL),('53R0153040',NULL,NULL,3,1,5,832,NULL),('53R0153156',NULL,NULL,3,1,5,889,NULL),('53R0153158',NULL,NULL,3,1,5,832,NULL),('53R0153160',NULL,NULL,3,1,5,832,NULL),('53R0153171',NULL,NULL,3,1,5,587,NULL),('53R0153172',NULL,NULL,3,1,5,588,NULL),('53R0153175',NULL,NULL,3,1,5,587,NULL),('53R0153194',NULL,NULL,3,1,5,889,NULL),('53R0153201',NULL,NULL,3,1,5,615,NULL),('53R0153208',NULL,NULL,3,1,5,615,NULL),('53R0153216',NULL,NULL,3,1,5,572,NULL),('53R0153217',NULL,NULL,3,1,5,888,NULL),('53R0177472',NULL,NULL,3,1,5,625,NULL),('53R0177488',NULL,NULL,3,1,5,617,NULL),('53R0177490',NULL,NULL,3,1,5,594,NULL),('53R0177492',NULL,NULL,3,1,5,635,NULL),('53R0177501',NULL,NULL,3,1,5,634,NULL),('53R0177502',NULL,NULL,3,1,5,589,NULL),('53R0177503',NULL,NULL,3,1,5,591,NULL),('53R0177504',NULL,NULL,3,1,5,880,NULL),('53R0177505',NULL,NULL,3,1,5,850,NULL),('53R0177510',NULL,NULL,3,1,5,863,NULL),('53R0177512',NULL,NULL,3,1,5,882,NULL),('53R0177526',NULL,NULL,3,1,5,576,NULL),('53R0177527',NULL,NULL,3,1,5,1113,NULL),('53R0177529',NULL,NULL,3,1,5,595,NULL),('53R0177530',NULL,NULL,3,1,5,617,NULL),('53R0177531',NULL,NULL,3,1,5,595,NULL),('53R0177532',NULL,NULL,3,1,5,589,NULL),('53R0177534',NULL,NULL,3,1,5,595,NULL),('53R0177535',NULL,NULL,3,1,5,869,NULL),('53R0177536',NULL,NULL,3,1,5,836,NULL),('53R0177550',NULL,NULL,3,1,5,891,NULL),('53R0177551',NULL,NULL,3,1,5,851,NULL),('53R0177557',NULL,NULL,3,1,5,1055,NULL),('53R0177574',NULL,NULL,9,1,5,1113,NULL),('53R0177575',NULL,NULL,3,1,5,1113,NULL),('53R0177583',NULL,NULL,3,1,5,841,NULL),('53R0177586',NULL,NULL,3,1,5,586,NULL),('53R0177589',NULL,NULL,3,1,5,586,NULL),('53R0177590',NULL,NULL,3,1,5,586,NULL),('53R0177591',NULL,NULL,3,1,5,635,NULL),('53R0177594',NULL,NULL,3,1,5,616,NULL),('53R0177621',NULL,NULL,3,1,5,843,NULL),('53R0177626',NULL,NULL,3,1,5,591,NULL),('53R0177641',NULL,NULL,3,1,5,589,NULL),('53R0177644',NULL,NULL,3,1,5,635,NULL),('53R0177645',NULL,NULL,3,1,5,891,NULL),('53R0177646',NULL,NULL,3,1,5,867,NULL),('53R0177647',NULL,NULL,3,1,5,837,NULL),('53R0177649',NULL,NULL,3,1,5,891,NULL),('53R0177650',NULL,NULL,3,1,5,867,NULL),('53R0177683',NULL,NULL,9,1,5,1113,NULL),('53R0177684',NULL,NULL,9,1,5,1113,NULL),('53R0177685',NULL,NULL,3,1,5,833,NULL),('53R0177690',NULL,NULL,3,1,5,867,NULL),('53R0177692',NULL,NULL,3,1,5,833,NULL),('53R0177693',NULL,NULL,3,1,5,910,NULL),('53R0177694',NULL,NULL,3,1,5,833,NULL),('53R0177695',NULL,NULL,3,1,5,908,NULL),('53R0177696',NULL,NULL,3,1,5,1113,NULL),('53R0177711',NULL,NULL,3,1,5,1113,NULL),('53R0177712',NULL,NULL,3,1,5,1113,NULL),('53R0177718',NULL,NULL,3,1,5,594,NULL),('53R0177754',NULL,NULL,3,1,5,849,NULL),('53R0177756',NULL,NULL,3,1,5,849,NULL),('53R0197015',NULL,NULL,3,1,5,602,NULL),('53R0197021',NULL,NULL,3,1,5,618,NULL),('53R0197024',NULL,NULL,3,1,5,648,NULL),('53R0197055',NULL,NULL,3,1,5,648,NULL),('53R0197059',NULL,NULL,3,1,5,644,NULL),('53R0197061',NULL,NULL,3,1,5,620,NULL),('53R0197063',NULL,NULL,3,1,5,630,NULL),('53R0197064',NULL,NULL,3,1,5,648,NULL),('53R0197075',NULL,NULL,3,1,5,868,NULL),('53R0197076',NULL,NULL,3,1,5,618,NULL),('53R0197077',NULL,NULL,3,1,5,849,NULL),('53R0197079',NULL,NULL,3,1,5,868,NULL),('53R0197080',NULL,NULL,3,1,5,828,NULL),('53R0197081',NULL,NULL,3,1,5,1055,NULL),('53R0197082',NULL,NULL,3,1,5,618,NULL),('53R0197083',NULL,NULL,3,1,5,833,NULL),('53R0197084',NULL,NULL,3,1,5,894,NULL),('53R0197085',NULL,NULL,3,1,5,894,NULL),('53R0197092',NULL,NULL,3,1,5,835,NULL),('53R0197105',NULL,NULL,3,1,5,873,NULL),('53R0197109',NULL,NULL,3,1,5,912,NULL),('53R0197110',NULL,NULL,3,1,5,868,NULL),('53R0197133',NULL,NULL,3,1,5,910,NULL),('53R0197144',NULL,NULL,3,1,5,648,NULL),('53R0197148',NULL,NULL,3,1,5,608,NULL),('53R0197154',NULL,NULL,9,1,5,1113,NULL),('53R0197156',NULL,NULL,3,1,5,575,NULL),('53R0197157',NULL,NULL,3,1,5,636,NULL),('53R0197159',NULL,NULL,9,1,5,1113,NULL),('53R0197173',NULL,NULL,9,1,5,1113,NULL),('53R0197179',NULL,NULL,3,1,5,645,NULL),('53R0197181',NULL,NULL,3,1,5,645,NULL),('53R0197184',NULL,NULL,3,1,5,636,NULL),('53R0197187',NULL,NULL,3,1,5,575,NULL),('53R0197188',NULL,NULL,3,1,5,645,NULL),('53R0197189',NULL,NULL,3,1,5,636,NULL),('53R0197190',NULL,NULL,3,1,5,573,NULL),('53R0197201',NULL,NULL,9,1,5,1113,NULL),('53R0197203',NULL,NULL,3,1,5,840,NULL),('53R0197212',NULL,NULL,3,1,5,852,NULL),('53R0197258',NULL,NULL,3,1,5,833,NULL),('53R0200668',NULL,NULL,3,1,5,893,NULL),('53R0200669',NULL,NULL,3,1,5,893,NULL),('53R0200670',NULL,NULL,3,1,5,616,NULL),('53R0200671',NULL,NULL,3,1,5,828,NULL),('53R0200672',NULL,NULL,3,1,5,616,NULL),('53R0200674',NULL,NULL,3,1,5,893,NULL),('53R0200675',NULL,NULL,3,1,5,617,NULL),('53R0200676',NULL,NULL,9,1,5,1113,NULL),('53R0210319',NULL,NULL,3,1,5,609,NULL),('53R0210321',NULL,NULL,3,1,5,637,NULL),('53R0210324',NULL,NULL,3,1,5,571,NULL),('53R0210325',NULL,NULL,3,1,5,895,NULL),('53R0210340',NULL,NULL,3,1,5,594,NULL),('53R0210341',NULL,NULL,3,1,5,902,NULL),('53R0210343',NULL,NULL,3,1,5,912,NULL),('53R0210345',NULL,NULL,3,1,5,1113,NULL),('53R0210347',NULL,NULL,3,1,5,596,NULL),('53R0210363',NULL,NULL,3,1,5,596,NULL),('53R0210364',NULL,NULL,3,1,5,577,NULL),('53R0210366',NULL,NULL,9,1,5,1113,NULL),('53R0210371',NULL,NULL,3,1,5,596,NULL),('53R0210374',NULL,NULL,3,1,5,1113,NULL),('53R0210380',NULL,NULL,3,1,5,654,NULL),('53R0210406',NULL,NULL,3,1,5,634,NULL),('53R0210408',NULL,NULL,3,1,5,644,NULL),('53R0210415',NULL,NULL,3,1,5,620,NULL),('53R0210416',NULL,NULL,3,1,5,624,NULL),('53R0210420',NULL,NULL,3,1,5,620,NULL),('53R0210423',NULL,NULL,3,1,5,620,NULL),('53R0210463',NULL,NULL,3,1,5,873,NULL),('53R0210486',NULL,NULL,3,1,5,837,NULL),('53R0210911',NULL,NULL,3,1,5,597,NULL),('53R0210914',NULL,NULL,3,1,5,638,NULL),('53R0210927',NULL,NULL,3,1,5,623,NULL),('53R0210950',NULL,NULL,3,1,5,597,NULL),('53R0210951',NULL,NULL,3,1,5,843,NULL),('53R0210967',NULL,NULL,3,1,5,622,NULL),('53R0210968',NULL,NULL,3,1,5,622,NULL),('53R0210969',NULL,NULL,3,1,5,638,NULL),('53R0211001',NULL,NULL,3,1,5,843,NULL),('53R0211009',NULL,NULL,3,1,5,624,NULL),('53R0211011',NULL,NULL,3,1,5,623,NULL),('53R0211016',NULL,NULL,3,1,5,623,NULL),('53R0211019',NULL,NULL,3,1,5,651,NULL),('53R0211021',NULL,NULL,3,1,5,624,NULL),('53R0211030',NULL,NULL,3,1,5,651,NULL),('53R0211031',NULL,NULL,3,1,5,639,NULL),('53R0211032',NULL,NULL,3,1,5,631,NULL),('53R0211034',NULL,NULL,3,1,5,663,NULL),('53R0211038',NULL,NULL,3,1,5,629,NULL),('53R0211040',NULL,NULL,3,1,5,629,NULL),('53R0211058',NULL,NULL,3,1,5,913,NULL),('53R0211059',NULL,NULL,3,1,5,860,NULL),('53R0211060',NULL,NULL,3,1,5,639,NULL),('53R0211061',NULL,NULL,3,1,5,651,NULL),('53R0211062',NULL,NULL,3,1,5,634,NULL),('53R0211085',NULL,NULL,3,1,5,598,NULL),('53R0211087',NULL,NULL,3,1,5,639,NULL),('53R0211255',NULL,NULL,3,1,5,834,NULL),('53R0211256',NULL,NULL,3,1,5,824,NULL),('53R0211258',NULL,NULL,9,1,5,1113,NULL),('53R0211263',NULL,NULL,3,1,5,835,NULL),('53R0211277',NULL,NULL,3,1,5,869,NULL),('53R0211278',NULL,NULL,3,1,5,869,NULL),('53R0211279',NULL,NULL,3,1,5,597,NULL),('53R0211286',NULL,NULL,3,1,5,834,NULL),('53R0211302',NULL,NULL,3,1,5,622,NULL),('53R0211304',NULL,NULL,3,1,5,834,NULL),('53R0237090',NULL,NULL,3,1,5,826,NULL),('53R0237122',NULL,NULL,3,1,5,598,NULL),('53R0237123',NULL,NULL,3,1,5,598,NULL),('53R0237147',NULL,NULL,3,1,5,824,NULL),('53R0237174',NULL,NULL,3,1,5,574,NULL),('53R0237194',NULL,NULL,3,1,5,837,NULL),('53R0237219',NULL,NULL,3,1,5,824,NULL),('53R0237255',NULL,NULL,3,1,5,835,NULL),('53R0237394',NULL,NULL,3,1,5,630,NULL),('53R0254093',NULL,NULL,3,1,5,625,NULL),('53R0254109',NULL,NULL,3,1,5,912,NULL),('53R0254110',NULL,NULL,3,1,5,899,NULL),('53R0254112',NULL,NULL,3,1,5,851,NULL),('53R0254113',NULL,NULL,3,1,5,852,NULL),('53R0254117',NULL,NULL,3,1,5,847,NULL),('53R0254123',NULL,NULL,3,1,5,852,NULL),('53R0254134',NULL,NULL,9,1,5,1113,NULL),('53R0254136',NULL,NULL,3,1,5,844,NULL),('53R0254137',NULL,NULL,3,1,5,844,NULL),('53R0254139',NULL,NULL,3,1,5,899,NULL),('53R0254140',NULL,NULL,3,1,5,583,NULL),('53R0254142',NULL,NULL,3,1,5,844,NULL),('53R0254159',NULL,NULL,3,1,5,625,NULL),('53R0264103',NULL,NULL,3,1,5,850,NULL),('53R0264105',NULL,NULL,3,1,5,629,NULL),('53R0264106',NULL,NULL,3,1,5,601,2),('53R0264108',NULL,NULL,3,1,5,901,NULL),('53R0264119',NULL,NULL,3,1,5,839,NULL),('53R0264121',NULL,NULL,3,1,5,826,NULL),('53R0264123',NULL,NULL,9,1,5,1113,NULL),('53R0264142',NULL,NULL,9,1,5,1113,NULL),('53R0264145',NULL,NULL,3,1,5,851,NULL),('53R0264164',NULL,NULL,3,1,5,641,NULL),('53R0264165',NULL,NULL,3,1,5,591,NULL),('53R0264179',NULL,NULL,3,1,5,641,NULL),('53R0264187',NULL,NULL,3,1,5,853,NULL),('53R0264188',NULL,NULL,3,1,5,872,NULL),('53R0264189',NULL,NULL,3,1,5,908,NULL),('53R0264210',NULL,NULL,9,1,5,1113,NULL),('53R0274171',NULL,NULL,3,1,6,626,NULL),('53R0274173',NULL,NULL,3,1,6,662,NULL),('53R0274175',NULL,NULL,3,1,6,825,NULL),('53R0274178',NULL,NULL,3,1,6,903,NULL),('53R0274180',NULL,NULL,3,1,6,628,NULL),('53R0274184',NULL,NULL,3,1,6,628,NULL),('53R0274193',NULL,NULL,3,1,6,856,NULL),('53R0274201',NULL,NULL,3,1,6,653,NULL),('53R0274204',NULL,NULL,3,1,6,628,NULL),('53R0274221',NULL,NULL,3,1,5,884,NULL),('53R0274224',NULL,NULL,3,1,6,661,NULL),('53R0274225',NULL,NULL,3,1,6,653,NULL),('53R0274227',NULL,NULL,3,1,6,611,NULL),('53R0274230',NULL,NULL,3,1,6,627,NULL),('53R0274231',NULL,NULL,3,1,6,653,NULL),('53R0274243',NULL,NULL,3,1,6,902,NULL),('53R0274254',NULL,NULL,3,1,6,858,NULL),('53R0274255',NULL,NULL,3,1,6,907,NULL),('53R0274256',NULL,NULL,3,1,6,854,NULL),('53R0274257',NULL,NULL,3,1,6,856,NULL),('53R0274258',NULL,NULL,3,1,6,858,NULL),('53R0274267',NULL,NULL,3,1,6,907,NULL),('53R0274276',NULL,NULL,3,1,6,887,NULL),('53R0274277',NULL,NULL,3,1,6,887,NULL),('53R0274282',NULL,NULL,3,1,6,854,NULL),('53R0274283',NULL,NULL,3,1,6,604,NULL),('53R0274284',NULL,NULL,3,1,6,857,NULL),('53R0274286',NULL,NULL,3,1,6,861,NULL),('53R0274295',NULL,NULL,3,1,6,604,NULL),('53R0274296',NULL,NULL,3,1,6,911,NULL),('53R0274297',NULL,NULL,3,1,6,854,NULL),('53R0274301',NULL,NULL,3,1,6,861,NULL),('53R0274310',NULL,NULL,3,1,6,603,NULL),('53R0274311',NULL,NULL,3,1,6,642,NULL),('53R0274312',NULL,NULL,3,1,6,643,NULL),('53R0274313',NULL,NULL,3,1,6,603,NULL),('53R0274314',NULL,NULL,3,1,6,642,NULL),('53R0274315',NULL,NULL,3,1,6,603,NULL),('53R0274316',NULL,NULL,3,1,6,658,NULL),('53R0274317',NULL,NULL,3,1,6,660,NULL),('53R0274319',NULL,NULL,3,1,6,643,NULL),('53R0274320',NULL,NULL,3,1,6,637,NULL),('53R0274322',NULL,NULL,3,1,6,1088,NULL),('53R0274332',NULL,NULL,3,1,6,606,NULL),('53R0274334',NULL,NULL,3,1,6,857,NULL),('53R0274347',NULL,NULL,3,1,6,606,NULL),('53R0284143',NULL,NULL,3,1,6,621,NULL),('53R0284144',NULL,NULL,3,1,6,642,NULL),('53R0284146',NULL,NULL,3,1,6,640,NULL),('53R0284147',NULL,NULL,3,1,6,640,NULL),('53R0284165',NULL,NULL,3,1,6,626,NULL),('53R0284166',NULL,NULL,3,1,6,621,NULL),('53R0284168',NULL,NULL,3,1,6,902,NULL),('53R0284207',NULL,NULL,3,1,6,640,NULL),('53R0284234',NULL,NULL,3,1,6,621,NULL),('53R0284235',NULL,NULL,3,1,6,626,NULL),('53R0284237',NULL,NULL,3,1,6,606,NULL),('53R0284238',NULL,NULL,3,1,6,609,NULL),('53R0284241',NULL,NULL,3,1,6,575,NULL),('53R0284252',NULL,NULL,3,1,6,610,NULL),('53R0284254',NULL,NULL,3,1,6,609,NULL),('53R0284256',NULL,NULL,3,1,6,643,NULL),('53R0284257',NULL,NULL,3,1,6,663,NULL),('53R0284258',NULL,NULL,3,1,6,610,NULL),('53R0284260',NULL,NULL,3,1,6,860,NULL),('53R0284330',NULL,NULL,3,1,6,911,NULL),('53R0284345',NULL,NULL,3,1,6,855,NULL),('53R0284346',NULL,NULL,3,1,6,1088,NULL),('53R0284347',NULL,NULL,3,1,6,1088,NULL),('53R0284348',NULL,NULL,3,1,6,627,NULL),('53R0284842',NULL,NULL,3,1,6,861,NULL),('53R0284844',NULL,NULL,3,1,6,860,NULL),('53R0284846',NULL,NULL,3,1,6,860,NULL),('53R0284847',NULL,NULL,3,1,6,909,NULL),('53R0284848',NULL,NULL,3,1,6,855,NULL),('53R0284849',NULL,NULL,3,1,6,911,NULL),('53R0284850',NULL,NULL,3,1,6,858,NULL),('53R0284865',NULL,NULL,3,1,6,627,NULL),('53R0284866',NULL,NULL,3,1,6,663,NULL),('53R0284870',NULL,NULL,3,1,6,637,NULL),('53R0284871',NULL,NULL,3,1,6,608,NULL),('53R0284872',NULL,NULL,3,1,6,607,NULL),('53R0284876',NULL,NULL,3,1,6,857,NULL),('53R0284887',NULL,NULL,3,1,6,909,NULL),('53R0284895',NULL,NULL,3,1,6,609,NULL),('53R0284896',NULL,NULL,3,1,6,608,NULL),('53R0284897',NULL,NULL,3,1,6,610,NULL),('53R0284898',NULL,NULL,3,1,6,856,NULL),('53R0284899',NULL,NULL,3,1,6,662,NULL),('53R0284904',NULL,NULL,3,1,6,871,NULL),('53R0284905',NULL,NULL,3,1,6,871,NULL),('53R0284906',NULL,NULL,3,1,6,870,NULL),('53R0284908',NULL,NULL,3,1,6,870,NULL),('53R0284909',NULL,NULL,3,1,6,871,NULL),('53R0284916',NULL,NULL,3,1,6,909,NULL),('53R0284917',NULL,NULL,3,1,6,870,NULL),('53R0284918',NULL,NULL,3,1,6,870,NULL),('53R0284990',NULL,NULL,3,1,6,607,NULL),('53R0284991',NULL,NULL,3,1,6,606,NULL),('53R0295879',NULL,NULL,3,1,6,904,NULL),('53R0295895',NULL,NULL,3,1,6,613,NULL),('53R0295971',NULL,NULL,3,1,6,655,NULL),('53R0296354',NULL,NULL,3,1,6,613,NULL),('53R0296377',NULL,NULL,3,1,6,655,NULL),('53R0296413',NULL,NULL,3,1,6,611,NULL),('53R0296420',NULL,NULL,3,1,6,662,NULL),('53R0296423',NULL,NULL,3,1,6,655,NULL),('53R0296425',NULL,NULL,3,1,6,904,NULL),('53R0296427',NULL,NULL,3,1,6,656,NULL),('53R0297030',NULL,NULL,3,1,6,1119,NULL),('53R0297053',NULL,NULL,3,1,6,903,NULL),('53R0297072',NULL,NULL,3,1,6,909,NULL),('53R0297076',NULL,NULL,3,1,6,906,NULL),('53R0297077',NULL,NULL,3,1,6,903,NULL),('53R0297078',NULL,NULL,3,1,6,903,NULL),('53R0297079',NULL,NULL,3,1,6,1119,NULL),('53R0297087',NULL,NULL,3,1,6,906,NULL),('53R0297088',NULL,NULL,3,1,6,906,NULL),('53R0297089',NULL,NULL,3,1,6,905,NULL),('53R0297090',NULL,NULL,3,1,6,905,NULL),('53R0297091',NULL,NULL,3,1,6,907,NULL),('53R0297107',NULL,NULL,3,1,6,903,NULL),('53R0297133',NULL,NULL,3,1,6,905,NULL),('53R0297144',NULL,NULL,3,1,6,855,NULL),('53R0297170',NULL,NULL,3,1,6,862,NULL),('53R0302985',NULL,NULL,3,1,6,905,NULL),('53R0303133',NULL,NULL,3,1,6,658,NULL),('53R0303154',NULL,NULL,3,1,6,658,NULL),('53R0303155',NULL,NULL,3,1,6,584,NULL),('53R0303169',NULL,NULL,3,1,6,658,NULL),('53R0303914',NULL,NULL,3,1,6,661,NULL),('58-54354984','2021-07-23',NULL,1,1,3,1364,NULL),('58-54423834','2021-07-23',NULL,1,1,3,1364,NULL),('58-57257743','2021-07-23',NULL,1,1,3,1364,NULL),('58-57370029','2021-06-27',NULL,1,1,3,2164,NULL),('58-57372025','2021-08-25',NULL,1,1,4,2221,NULL),('58-57373035','2021-08-25',NULL,1,1,4,2221,NULL),('58-57373110','2021-06-27',NULL,1,1,3,2164,NULL),('58-57373154','2021-06-27',NULL,1,1,3,2164,NULL),('58-57373950','2021-07-16',NULL,1,5,3,5,NULL),('58-57373951','2021-07-16',NULL,1,5,3,896,NULL),('58-57373955','2021-07-16',NULL,1,5,3,593,3),('58-57373964','2021-07-16',NULL,1,5,3,579,2),('58-57373967','2021-07-16',NULL,1,5,3,579,1),('58-57373970','2021-07-16',NULL,1,5,3,827,3),('58-57373977','2021-07-16',NULL,1,5,3,645,2),('58-57373978','2021-07-16',NULL,1,5,3,600,4),('58-57373981','2021-07-16',NULL,1,5,3,836,2),('58-57373985','2021-07-16',NULL,1,5,3,865,1),('58-57373987','2021-07-16',NULL,1,5,3,5,NULL),('58-57373989','2021-07-16',NULL,1,5,3,601,1),('58-57373990','2021-07-16',NULL,1,5,3,903,5),('58-57374515','2021-07-16',NULL,1,5,3,5,NULL),('58-57374517','2021-07-16',NULL,1,5,3,592,2),('58-57374518','2021-07-16',NULL,1,5,3,5,NULL),('58-57374519','2021-07-16',NULL,1,5,3,619,1),('58-57374523','2021-07-16',NULL,1,5,3,865,2),('58-57374526','2021-07-16',NULL,1,5,3,5,NULL),('58-57374531','2021-07-16',NULL,1,5,3,5,NULL),('58-57374533','2021-07-16',NULL,1,5,3,601,2),('58-57374534','2021-07-16',NULL,1,5,3,828,3),('58-57374535','2021-07-16',NULL,1,5,3,5,NULL),('58-57374538','2021-07-16',NULL,1,5,3,629,2),('58-57374539','2021-07-16',NULL,1,5,3,5,NULL),('58-57374546','2021-07-16',NULL,1,5,3,592,4),('58-57374550','2021-07-16',NULL,1,5,3,827,5),('58-57374552','2021-07-16',NULL,1,5,3,910,1),('58-57374554','2021-07-16',NULL,1,5,3,592,1),('58-57374555','2021-07-16',NULL,1,5,3,5,NULL),('58-57374558','2021-07-16',NULL,1,5,3,5,NULL),('58-57374559','2021-07-16',NULL,1,5,3,5,NULL),('58-57374561','2021-07-16',NULL,1,5,3,5,NULL),('58-57374563','2021-07-16',NULL,1,5,3,645,3),('58-57374565','2021-07-16',NULL,1,5,3,5,NULL),('58-57374566','2021-07-16',NULL,1,5,3,5,NULL),('58-57374567','2021-07-16',NULL,1,5,3,629,3),('58-57374569','2021-07-16',NULL,1,5,3,5,NULL),('58-57374570','2021-07-16',NULL,1,5,3,909,3),('58-57374571','2021-07-16',NULL,1,5,3,5,NULL),('58-57374573','2021-07-16',NULL,1,5,3,885,2),('58-57374574','2021-07-16',NULL,1,5,3,903,1),('58-57374575','2021-07-16',NULL,1,5,3,5,NULL),('58-57374576','2021-07-16',NULL,1,5,3,909,1),('58-57374579','2021-07-16',NULL,1,5,3,903,4),('58-57374580','2021-07-16',NULL,1,5,3,592,3),('58-57374583','2021-07-16',NULL,1,5,3,645,1),('58-57374584','2021-07-16',NULL,1,5,3,5,NULL),('58-57374585','2021-07-16',NULL,1,5,3,827,4),('58-57374587','2021-07-16',NULL,1,5,3,600,2),('58-57374588','2021-07-16',NULL,1,5,3,5,NULL),('58-57374589','2021-07-16',NULL,1,5,3,599,2),('58-57374590','2021-07-16',NULL,1,5,3,896,NULL),('58-57374591','2021-07-16',NULL,1,5,3,5,NULL),('58-57374594','2021-07-16',NULL,1,5,3,828,4),('58-57374596','2021-07-16',NULL,1,5,3,836,3),('58-57374597','2021-07-16',NULL,1,5,3,611,2),('58-57374598','2021-07-16',NULL,1,5,3,910,3),('58-57374599','2021-07-16',NULL,1,5,3,5,NULL),('58-57374601','2021-07-16',NULL,1,5,3,828,2),('58-57374605','2021-07-16',NULL,1,5,3,827,1),('58-57374606','2021-07-16',NULL,1,5,3,909,4),('58-57374609','2021-07-16',NULL,1,5,3,599,1),('58-57374610','2021-07-16',NULL,1,5,3,836,1),('58-57374611','2021-07-16',NULL,1,5,3,5,NULL),('58-57374612','2021-07-16',NULL,1,5,3,619,3),('58-57374614','2021-07-16',NULL,1,5,3,611,3),('58-57374617','2021-07-16',NULL,1,5,3,5,NULL),('58-57374618','2021-07-16',NULL,1,5,3,903,2),('58-57374619','2021-07-16',NULL,1,5,3,838,1),('58-57374629','2021-08-25',NULL,1,1,4,2221,NULL),('58-57374631','2021-07-16',NULL,1,5,3,619,4),('58-57374647','2021-07-16',NULL,1,5,3,5,NULL),('58-57374655','2021-07-16',NULL,1,5,3,5,NULL),('58-57374658','2021-07-16',NULL,1,5,3,611,1),('58-57374727','2021-07-16',NULL,1,5,3,619,2),('58-57374728','2021-07-16',NULL,1,5,3,909,2),('58-57374738','2021-07-16',NULL,1,5,3,5,NULL),('58-57374739','2021-07-16',NULL,1,5,3,903,3),('58-57374743','2021-07-16',NULL,1,5,3,5,NULL),('58-57374744','2021-07-16',NULL,1,5,3,593,1),('58-57374745','2021-07-16',NULL,1,5,3,896,NULL),('58-57374746','2021-07-16',NULL,1,5,3,838,2),('58-57374755','2021-07-16',NULL,1,5,3,827,2),('58-57374757','2021-07-16',NULL,1,5,3,910,2),('58-57374763','2021-07-16',NULL,1,5,3,5,NULL),('58-57374764','2021-07-16',NULL,1,5,3,5,NULL),('58-57374765','2021-07-16',NULL,1,5,3,5,NULL),('58-57374768','2021-07-16',NULL,1,5,3,5,NULL),('58-57374770','2021-07-16',NULL,1,5,3,600,1),('58-57374772','2021-07-16',NULL,1,5,3,5,NULL),('58-57374790','2021-07-16',NULL,1,5,3,600,3),('58-57374798','2021-07-16',NULL,1,5,3,885,1),('58-57374800','2021-07-16',NULL,1,5,3,896,NULL),('58-57374806','2021-07-16',NULL,1,5,3,629,1),('58-57374809','2021-07-16',NULL,1,5,3,593,2),('58-57374816','2021-07-16',NULL,1,5,3,828,1),('58-57374818','2021-07-16',NULL,1,5,3,5,NULL),('58-57374819','2021-07-16',NULL,1,5,3,5,NULL),('58-57374823','2021-07-16',NULL,1,5,3,910,4),('58-57374826','2021-07-16',NULL,1,5,3,5,NULL),('6751LH2',NULL,NULL,3,6,37,854,NULL),('6752LH2',NULL,NULL,3,6,37,861,NULL),('675SKH2',NULL,NULL,3,6,37,860,NULL),('675TKH2',NULL,NULL,3,6,37,853,NULL),('675WKH2',NULL,NULL,3,6,37,827,7),('676WKH2',NULL,NULL,3,6,37,905,NULL),('6771LH2',NULL,NULL,3,6,37,873,NULL),('8301219092500130','2021-07-23',NULL,1,1,44,1364,NULL),('B8770ADDE1CA','2021-07-23',NULL,1,1,43,1364,NULL),('CREACION_MASIVA_1','2021-07-05',NULL,1,1,2,1,NULL),('CREACION_MASIVA_2','2021-07-05',NULL,2,1,2,2,NULL),('CREACION_MASIVA_3','2021-07-05',NULL,2,1,2,2,NULL),('CREACION_MASIVA_4','2021-07-05',NULL,2,1,2,2,NULL),('DNI25010A67','2021-08-25',NULL,1,1,46,2221,NULL),('I50191700628','2021-07-23',NULL,1,1,2,1364,NULL),('KLXA19329M','2021-07-23',NULL,3,1,41,1364,NULL),('KLXA66659','2021-08-25',NULL,1,1,41,2221,NULL),('LK','2021-08-18',NULL,1,1,45,1,NULL),('MJ00G3WC',NULL,NULL,3,6,31,584,NULL),('MJ00UZDN',NULL,NULL,3,6,31,864,NULL),('MJ00VG28',NULL,NULL,3,6,32,846,NULL),('MJ014KA9',NULL,NULL,3,6,32,871,NULL),('MJ014KC3',NULL,NULL,3,6,32,836,NULL),('MJ01BZDV',NULL,NULL,3,6,32,833,NULL),('MJ01BZEF',NULL,NULL,3,6,32,910,NULL),('MJ02KPGH',NULL,NULL,3,6,32,599,NULL),('MJ02KPGT',NULL,NULL,3,6,32,904,NULL),('MJ02UE48',NULL,NULL,3,6,35,636,NULL),('MJ02UE4T',NULL,NULL,3,6,35,578,NULL),('MJ02UE55',NULL,NULL,3,6,35,645,NULL),('MJ02UE5F',NULL,NULL,3,6,35,593,NULL),('MJ03PV8K',NULL,NULL,3,6,32,1760,NULL),('MJ03PVBP',NULL,NULL,3,6,32,639,NULL),('MJ03QV8M',NULL,NULL,3,6,32,596,NULL),('MJ03QV94',NULL,NULL,3,6,32,575,NULL),('MJ03QV9C',NULL,NULL,3,6,32,897,NULL),('MJ03QV9H',NULL,NULL,3,6,32,829,NULL),('MJ03QVA2',NULL,NULL,3,6,32,637,NULL),('MJ03QVA4',NULL,NULL,3,6,32,648,NULL),('MJ03QVA6',NULL,NULL,3,6,32,882,NULL),('MJ03QVAM',NULL,NULL,3,6,32,597,NULL),('MJ03QVBJ',NULL,NULL,3,6,31,573,NULL),('MJ03QVBL',NULL,NULL,3,6,32,638,NULL),('MJ040FUH',NULL,NULL,3,6,22,824,NULL),('MJ04AHSA',NULL,NULL,3,6,22,843,NULL),('MJ04S783',NULL,NULL,3,6,22,629,NULL),('MJ04S78N',NULL,NULL,3,6,22,857,NULL),('MJ04S78V',NULL,NULL,3,6,22,642,NULL),('MJ04S797',NULL,NULL,3,6,22,577,NULL),('MJ04ZN52',NULL,NULL,3,6,22,621,NULL),('MJ04ZN5R',NULL,NULL,3,6,22,627,NULL),('MJ04ZN88',NULL,NULL,3,6,22,607,NULL),('MJ04ZN89',NULL,NULL,3,6,22,903,NULL),('MJ04ZNAH',NULL,NULL,3,6,22,640,NULL),('MJ04ZNCC',NULL,NULL,3,6,22,603,NULL),('MJ04ZNCD',NULL,NULL,3,6,22,606,NULL),('MJ04ZND4',NULL,NULL,3,6,22,604,NULL),('MJ04ZNE2',NULL,NULL,3,6,22,855,NULL),('MJ04ZNE6',NULL,NULL,3,6,22,881,NULL),('MJ0523L4',NULL,NULL,3,6,22,870,NULL),('MJ054B5E',NULL,NULL,3,6,22,601,NULL),('MJ054B5S',NULL,NULL,3,6,22,602,NULL),('MJ054B65',NULL,NULL,3,6,22,654,NULL),('MJ054B6Q',NULL,NULL,3,6,22,651,NULL),('MJ054B6R',NULL,NULL,3,6,22,644,NULL),('MJ05DVK6',NULL,NULL,3,6,25,858,NULL),('MJ05DVLD',NULL,NULL,3,6,25,856,NULL),('MJ05DVM5',NULL,NULL,3,6,25,845,NULL),('MJ05LHQ9',NULL,NULL,3,6,28,643,NULL),('MJ05LHQU',NULL,NULL,3,6,28,610,NULL),('MJ05LHRM',NULL,NULL,3,6,28,909,NULL),('MJ05LHS7',NULL,NULL,3,6,28,899,NULL),('MJ05LHSH',NULL,NULL,3,6,28,894,NULL),('MJ05LHT9',NULL,NULL,3,6,28,1762,NULL),('MJ05LHTB',NULL,NULL,3,6,28,906,NULL),('MJ05LHTF',NULL,NULL,3,6,28,626,NULL),('MJ05TSSS',NULL,NULL,3,6,28,641,NULL),('MJ05TST7',NULL,NULL,3,6,28,653,NULL),('MJ05TSVP',NULL,NULL,3,6,28,907,NULL),('MJ05TSYE',NULL,NULL,3,6,28,895,NULL),('MJ05TSZG',NULL,NULL,3,6,28,634,NULL),('MJ05TSZK',NULL,NULL,3,6,28,661,NULL),('MJ068Q5C',NULL,NULL,3,6,28,658,NULL),('MJ071DUD',NULL,NULL,3,6,25,630,NULL),('MJ07GPQU',NULL,NULL,3,6,25,663,NULL),('MJ07GPR0',NULL,NULL,3,6,25,617,NULL),('MJ07GPSH',NULL,NULL,3,6,25,582,NULL),('MJ07GPSW',NULL,NULL,3,6,25,662,NULL),('MJ07S7YH',NULL,NULL,3,6,25,912,NULL),('MJ07S7YM',NULL,NULL,3,6,25,837,NULL),('MJ07T4G0',NULL,NULL,3,6,25,911,NULL),('MJ07T4GJ',NULL,NULL,3,6,25,913,NULL),('MJ08178M',NULL,NULL,3,6,26,889,NULL),('MJ08179L',NULL,NULL,3,6,26,877,NULL),('MJ08GLX',NULL,NULL,3,6,34,1641,NULL),('MJ08LGJX',NULL,NULL,3,6,29,1639,NULL),('MJ08LGK4',NULL,NULL,3,6,29,1678,NULL),('MJ08LGKC',NULL,NULL,3,6,29,1358,NULL),('MJ08LGMC',NULL,NULL,3,6,29,1628,NULL),('MJ08LGML',NULL,NULL,3,6,29,1359,NULL),('MJ08LGPK',NULL,NULL,3,6,29,1629,NULL),('MJ08LGPR',NULL,NULL,3,6,29,1701,NULL),('MJ08LGPZ',NULL,NULL,3,6,29,1700,NULL),('MJ08LGRA',NULL,NULL,3,6,29,1640,NULL),('MJ08LGSE',NULL,NULL,3,6,29,872,NULL),('MJ08LGSL',NULL,NULL,3,6,29,571,NULL),('MJ08LGTD',NULL,NULL,3,6,29,1759,NULL),('MJ08LGTM',NULL,NULL,3,6,29,608,NULL),('MJ08VWWX',NULL,NULL,3,6,26,1119,NULL),('MJ08VWWY',NULL,NULL,3,6,26,1088,NULL),('MJ08VWX1',NULL,NULL,3,6,26,1140,NULL),('MJ08VWXS',NULL,NULL,3,6,26,880,NULL),('MJ08VWXT',NULL,NULL,3,6,26,1642,NULL),('MJ099GRL',NULL,NULL,3,6,26,660,NULL),('MJ099GRW',NULL,NULL,3,6,26,623,NULL),('MJ099GS0',NULL,NULL,3,6,26,1914,NULL),('MJ099GSE',NULL,NULL,3,6,26,1324,NULL),('MJ09JFGX',NULL,NULL,3,6,26,1300,NULL),('MJ09JFGY',NULL,NULL,3,6,26,1786,NULL),('MJ09JHSA',NULL,NULL,3,6,26,1131,NULL),('MJ09JHSN',NULL,NULL,3,6,26,1790,NULL),('MJ09JHSW',NULL,NULL,3,6,26,605,NULL),('MJ09JHT3',NULL,NULL,3,6,26,857,NULL),('MJ09JHT6',NULL,NULL,3,6,26,1791,NULL),('MJ09JHT9',NULL,NULL,3,6,26,831,NULL),('MJ09JHTN',NULL,NULL,3,6,26,1603,NULL),('MJ09JHTP',NULL,NULL,3,6,26,609,NULL),('MJ09JHTX',NULL,NULL,3,6,26,1299,NULL),('MJ09JHTY',NULL,NULL,3,6,26,1787,NULL),('MJ09JHV8',NULL,NULL,3,6,26,1301,NULL),('MJ09JHVC',NULL,NULL,3,6,26,1789,NULL),('MJ09JHVT',NULL,NULL,3,6,26,1604,NULL),('MJ09JHWY',NULL,NULL,3,6,26,1225,NULL),('MJ09JHX1',NULL,NULL,3,6,26,1133,NULL),('MJ09MVK5',NULL,NULL,3,6,29,890,NULL),('MJ09MVKS',NULL,NULL,3,6,29,1761,NULL),('MJ09PNVA',NULL,NULL,3,6,29,1627,NULL),('MJ09PNVL',NULL,NULL,3,6,29,1339,NULL),('MJ09PNWD',NULL,NULL,3,6,29,865,NULL),('MJ09PNWG',NULL,NULL,3,6,29,1552,NULL),('MJ0BC1Z8',NULL,NULL,3,6,33,847,NULL),('MJ0BC1ZS',NULL,NULL,3,6,33,1134,NULL),('MJ0BC1ZW',NULL,NULL,3,6,33,2008,NULL),('MJ0BC20A',NULL,NULL,3,6,33,835,NULL),('MJ0BC20Q',NULL,NULL,3,6,33,2009,NULL),('MJ0BC21J',NULL,NULL,3,6,33,1978,NULL),('MJ0BC21R',NULL,NULL,3,6,33,600,NULL),('MJ0BC221',NULL,NULL,3,6,33,1897,NULL),('MJ0BC22B',NULL,NULL,3,6,33,1949,NULL),('MJ0BC22S',NULL,NULL,3,6,33,594,NULL),('MJ0BC230',NULL,NULL,3,6,33,611,NULL),('MJ0BC237',NULL,NULL,3,6,33,1979,NULL),('MJ0BC23F',NULL,NULL,3,6,33,1895,NULL),('MJ0BC23J',NULL,NULL,3,6,33,1900,NULL),('MJ0BC23K',NULL,NULL,3,6,33,1899,NULL),('MJ0BC23L',NULL,NULL,3,6,33,1896,NULL),('MJ0BC23S',NULL,NULL,3,6,33,1570,NULL),('MJ0BC244',NULL,NULL,3,6,33,1788,NULL),('MJ0BC248',NULL,NULL,3,6,33,1868,NULL),('MJ0BC24B',NULL,NULL,3,6,33,896,NULL),('MJ0BC24C',NULL,NULL,3,6,33,825,NULL),('MJ0BC24N',NULL,NULL,3,6,33,1898,NULL),('MJ0BC24P',NULL,NULL,3,6,33,1919,NULL),('MJ0BC24Y',NULL,NULL,3,6,33,1915,NULL),('MJ0BC24Z',NULL,NULL,3,6,33,1916,NULL),('MJ0BMHZG',NULL,NULL,3,6,29,1918,NULL),('MJ0BMHZH',NULL,NULL,3,6,29,2032,NULL),('MJ0BMHZJ',NULL,NULL,3,6,29,2056,NULL),('MJ0BMHZK',NULL,NULL,3,6,29,628,NULL),('MJ0BMHZP',NULL,NULL,3,6,29,2024,NULL),('MJ0C1XQS',NULL,NULL,3,6,27,1545,NULL),('MJ0DSSA9',NULL,NULL,3,6,23,2157,NULL),('MJ0EB7SD',NULL,NULL,3,6,33,1364,NULL),('MJ0EB7SF',NULL,NULL,3,6,33,2134,NULL),('MJ0EB7TC',NULL,NULL,3,6,33,2057,NULL),('MJ0EB7TF',NULL,NULL,3,6,33,592,NULL),('MJ0EB7TP',NULL,NULL,3,6,33,2121,NULL),('MJ0EB7V5',NULL,NULL,3,6,33,2158,NULL),('MJ0EB7VH',NULL,NULL,3,6,33,579,NULL),('MJ0ECW9C',NULL,NULL,3,6,27,615,NULL),('MJ0ECW9P',NULL,NULL,3,6,27,2178,NULL),('MJ0EDREF',NULL,NULL,3,6,24,618,NULL),('MJ0EDREJ',NULL,NULL,3,6,24,2164,NULL),('MJ0EV69N','2021-08-25',NULL,1,6,31,2221,NULL),('MJYNBLA',NULL,NULL,3,6,30,852,NULL),('pb','2021-07-05',NULL,8,1,1,1,NULL),('PB4','2021-06-28',NULL,2,1,2,1,NULL),('PC01VF9H',NULL,NULL,3,6,21,866,NULL),('PC01VF9J',NULL,NULL,3,6,21,844,NULL),('PC01VF9L',NULL,NULL,3,6,21,572,NULL),('PC01VF9M',NULL,NULL,3,6,21,841,NULL),('PC01VF9N',NULL,NULL,3,6,21,574,NULL),('PC01VF9S',NULL,NULL,3,6,21,886,NULL),('PC01VFA7',NULL,NULL,3,6,21,583,NULL),('PC01VFAA',NULL,NULL,3,6,21,581,NULL),('PC01VFAC',NULL,NULL,3,6,21,842,NULL),('PC01VFAD',NULL,NULL,3,6,21,585,NULL),('PC01VFAE',NULL,NULL,3,6,21,874,NULL),('PC01VFAH',NULL,NULL,3,6,21,655,NULL),('PC01VFAM',NULL,NULL,3,6,21,830,NULL),('PC01VFAN',NULL,NULL,3,6,21,1055,NULL),('PC01VFAT',NULL,NULL,3,6,21,884,NULL),('PC01VFB0',NULL,NULL,3,6,21,862,NULL),('PC01VFB1',NULL,NULL,3,6,21,875,NULL),('PC01VFB7',NULL,NULL,3,6,21,646,NULL),('PC031M72',NULL,NULL,3,6,21,598,NULL),('PC03ZKQ5',NULL,NULL,3,6,21,828,NULL),('PC03ZKR3',NULL,NULL,3,6,21,826,NULL),('PC03ZKR4',NULL,NULL,3,6,21,849,NULL),('PC03ZKR6',NULL,NULL,3,6,21,1087,NULL),('PC03ZKRB',NULL,NULL,3,6,21,868,NULL),('PC03ZKSA',NULL,NULL,3,6,21,838,NULL),('PC052463',NULL,NULL,3,6,21,613,NULL),('PC05246A',NULL,NULL,3,6,21,647,NULL),('PC05246F',NULL,NULL,3,6,21,632,NULL),('PC05246G',NULL,NULL,3,6,21,631,NULL),('PC05246J',NULL,NULL,3,6,21,888,NULL),('PC05247H',NULL,NULL,3,6,21,885,NULL),('PC05247K',NULL,NULL,3,6,21,587,NULL),('PC05247L',NULL,NULL,3,6,21,588,NULL),('PC05EA9Q',NULL,NULL,3,6,21,832,NULL),('PC05EAA2',NULL,NULL,3,6,21,656,NULL),('PC05EAAP',NULL,NULL,3,6,21,879,NULL),('PC08CJ4G',NULL,NULL,3,6,21,576,NULL),('PC08EJVH',NULL,NULL,3,6,21,633,NULL),('PC08EJVP',NULL,NULL,3,6,21,589,NULL),('PC08EJVT',NULL,NULL,3,6,21,595,NULL),('PC08EJVU',NULL,NULL,3,6,21,586,NULL),('PC08EJW5',NULL,NULL,3,6,21,635,NULL),('PC08EK0E',NULL,NULL,3,6,21,591,NULL),('PC08EK0F',NULL,NULL,3,6,21,839,NULL),('PC0BM0T4',NULL,NULL,3,6,38,867,NULL),('PC0BM0VP',NULL,NULL,3,6,38,891,NULL),('PC0BM0ZB',NULL,NULL,3,6,38,834,NULL),('PC0CPN1L',NULL,NULL,3,6,38,616,NULL),('PC0DE6QC',NULL,NULL,3,6,38,620,NULL),('PC0DE6SF',NULL,NULL,3,6,38,622,NULL),('PC0DR5D9',NULL,NULL,3,6,38,624,NULL),('PC0F5PPX',NULL,NULL,3,6,39,625,NULL),('PC0GKZ2L',NULL,NULL,3,6,39,850,NULL),('PC0GKZ8A',NULL,NULL,3,6,39,851,NULL),('PC0K27YA',NULL,NULL,3,6,39,902,NULL),('PC0K29MB',NULL,NULL,3,6,39,887,NULL),('PRUEBA_CREACION','2021-06-27',NULL,2,1,2,1,NULL),('Q2HY-CUL9-4W84','2021-07-23',NULL,1,1,1,1364,NULL),('Q2HY-F8ZS-PZUL','2021-08-25',NULL,1,1,1,2221,NULL),('UO2108103949','2021-08-25',NULL,1,1,42,2221,NULL),('USV305GPFZ','2021-07-23',NULL,3,1,40,1364,NULL),('V305GPFZ','2021-07-23',NULL,1,1,40,1364,NULL),('V3060KT0','2021-06-29',NULL,1,1,18,2221,NULL),('ZF5474529334','2021-07-23',NULL,1,1,42,1364,NULL);
/*!40000 ALTER TABLE `Activo` ENABLE KEYS */;
UNLOCK TABLES;

--
-- Table structure for table `Conf_pos`
--

DROP TABLE IF EXISTS `Conf_pos`;
/*!40101 SET @saved_cs_client     = @@character_set_client */;
/*!50503 SET character_set_client = utf8mb4 */;
CREATE TABLE `Conf_pos` (
  `idConf_pos` varchar(40) NOT NULL,
  `IP_POS` varchar(45) NOT NULL,
  `TIPO_POS` varchar(45) NOT NULL,
  `Modelo_cpu` varchar(45) DEFAULT NULL,
  `Serial_Cpu` varchar(45) DEFAULT NULL,
  `Teclado` varchar(45) DEFAULT NULL,
  `Impresora` varchar(45) DEFAULT NULL,
  `Tiendas_Cod_Ncr` int NOT NULL,
  `IMPR_NUEVA` varchar(45) DEFAULT NULL,
  PRIMARY KEY (`idConf_pos`),
  UNIQUE KEY `idConf_pos_UNIQUE` (`idConf_pos`),
  KEY `fk_Conf_pos_Tiendas1_idx` (`Tiendas_Cod_Ncr`),
  CONSTRAINT `fk_Conf_pos_Tiendas1` FOREIGN KEY (`Tiendas_Cod_Ncr`) REFERENCES `Tiendas` (`Cod_Ncr`)
) ENGINE=InnoDB DEFAULT CHARSET=utf8mb3;
/*!40101 SET character_set_client = @saved_cs_client */;

--
-- Dumping data for table `Conf_pos`
--

LOCK TABLES `Conf_pos` WRITE;
/*!40000 ALTER TABLE `Conf_pos` DISABLE KEYS */;
INSERT INTO `Conf_pos` VALUES ('1055REG001','10.202.245.146','Wincor_Nixdorf','BEETLE/M-II','53R0124105\n','51944\n','NCR POS Printer //\n',1055,NULL),('1055REG002','10.202.245.147','Wincor_Nixdorf','BEETLE/M-II','53R0177557\n','51944\n','TH230 USB  /./\n',1055,NULL),('1055REG003','10.202.245.148','Wincor_Nixdorf','BEETLE/M-II','53R0197081\n','51944\n','TH230 USB  /./\n',1055,NULL),('1087REG001','10.203.7.16','NCR','XR4','13-54939984\n','49950\n','NCR POS Printer //\n',1087,NULL),('1087REG002','10.203.7.17','NCR','XR4','13-54937780\n','49950\n','NCR POS Printer //\n',1087,NULL),('1087REG003','10.203.7.18','NCR','XR4','13-54937625\n','49950\n','NCR POS Printer //\n',1087,NULL),('1088REG001','10.203.7.146','Wincor_Nixdorf','BEETLE/M-III','53R0274322\n','49950\n','BIXOLON Printer/./\n',1088,NULL),('1088REG002','10.203.7.147','Wincor_Nixdorf','BEETLE/M-III','53R0284346\n','51944\n','BIXOLON Printer/./\n',1088,NULL),('1088REG003','10.203.7.148','Wincor_Nixdorf','BEETLE/M-III','53R0284347\n','49950\n','BIXOLON Printer/./\n',1088,NULL),('1119REG001','10.203.20.146','Wincor_Nixdorf','BEETLE/M-III','53R0297079\n','51944\n','BIXOLON Printer/./\n',1119,NULL),('1119REG002','10.203.20.147','Wincor_Nixdorf','BEETLE/M-III','53R0297030\n','51944\n','BIXOLON Printer/./\n',1119,NULL),('1131REG001','10.203.21.146','NCR','XR4','13-58389559\n','49950\n','NCR POS Printer //\n',1131,NULL),('1131REG002','10.203.21.147','NCR','XR4','13-54937112\n','49950\n','NCR POS Printer //\n',1131,NULL),('1131REG003','10.203.21.148','NCR','XR4','13-58390271\n','49950\n','NCR POS Printer //\n',1131,NULL),('1133REG001','10.203.22.146 ','NCR','XR4','13-54937115\n','49950\n','NCR POS Printer //\n',1133,NULL),('1133REG002','10.203.22.147','NCR','XR4','13-54937114\n','49950\n','NCR POS Printer //\n',1133,NULL),('1133REG003','10.203.22.148','NCR','XR4','13-58389238\n','49950\n','NCR POS Printer //\n',1133,NULL),('1134REG001','10.203.23.16','NCR','XR4','13-54935453\n','49950\n','NCR POS Printer //\n',1134,NULL),('1134REG002','10.203.23.17','NCR','XR4','13-54937520\n','49950\n','NCR POS Printer //\n',1134,NULL),('1134REG003','10.203.23.18','NCR','XR4','13-54940209\n','49950\n','NCR POS Printer //\n',1134,NULL),('1140REG001','10.203.27.16','NCR','XR4','13-54937527\n','49950\n','NCR POS Printer //\n',1140,NULL),('1140REG002','10.203.27.17','NCR','XR4','13-54937528\n','49950\n','NCR POS Printer //\n',1140,NULL),('1140REG003','10.203.27.18','NCR','XR4','13-54937529\n','49950\n','NCR POS Printer //\n',1140,NULL),('1225REG001','10.203.95.146','NCR','XR4','13-54937608\n','49950\n','NCR POS Printer //\n',1225,NULL),('1225REG002','10.203.95.147','NCR','XR4','13-54933338\n','49950\n','NCR POS Printer //\n',1225,NULL),('1225REG003','10.203.95.148','NCR','XR4','13-54937609\n','49950\n','NCR POS Printer //\n',1225,NULL),('1277REG001','10.203.97.16','NCR','XR4','13-54937804\n','49950\n','NCR POS Printer //\n',1277,NULL),('1277REG002','10.203.97.17','NCR','XR4','13-54940004\n','49950\n','NCR POS Printer //\n',1277,NULL),('1277REG003','10.203.97.18','NCR','XR4','13-54938066\n','49950\n','NCR POS Printer //\n',1277,NULL),('1299REG001','10.203.146.146','NCR','XR4','13-54940204\n','49950\n','NCR POS Printer //\n',1299,NULL),('1299REG002','10.203.146.147','NCR','XR4','13-54939990\n','49950\n','NCR POS Printer //\n',1299,NULL),('1299REG003','10.203.146.148','NCR','XR4','13-54940211\n','49950\n','NCR POS Printer //\n',1299,NULL),('1299REG004','10.203.146.149','NCR','XR4','13-54940051\n','49950\n','NCR POS Printer //\n',1299,NULL),('1299REG005','10.203.146.150','NCR','XR4','13-54940267\n','24866\n','NCR POS Printer //\n',1299,NULL),('1300REG001','10.203.146.16 ','NCR','XR4','13-54940049\n','49950\n','NCR POS Printer //\n',1300,NULL),('1300REG002','10.203.146.17','NCR','XR4','13-54938067\n','49950\n','NCR POS Printer //\n',1300,NULL),('1300REG003','10.203.146.18','NCR','XR4','13-54933392\n','49950\n','NCR POS Printer //\n',1300,NULL),('1301REG001','10.203.144.146','NCR','XR4','13-54937797\n','49950\n','NCR POS Printer //\n',1301,NULL),('1301REG002','10.203.144.147','NCR','XR4','13-54940044\n','49950\n','NCR POS Printer //\n',1301,NULL),('1324REG001','10.203.144.16','NCR','XR4','13-54938065\n','49950\n','NCR POS Printer //\n',1324,NULL),('1324REG002','10.203.144.17','NCR','XR4','13-54940373\n','49950\n','NCR POS Printer //\n',1324,NULL),('1324REG003','10.203.144.18 ','NCR','XR4','13-54933537\n','49950\n','NCR POS Printer //\n',1324,NULL),('1339REG001','10.203.170.16','NCR','XR4','13-54937802\n','49950\n','NCR POS Printer //\n',1339,NULL),('1339REG002','10.203.170.17','NCR','XR4','13-54937521\n','49950\n','NCR POS Printer //\n',1339,NULL),('1339REG003','10.203.170.18','NCR','XR4','13-54940560\n','49950\n','NCR POS Printer //\n',1339,NULL),('1358REG001','10.203.169.16','NCR','XR4','13-54940206\n','49950\n','NCR POS Printer //\n',1358,NULL),('1358REG002','10.203.169.17','NCR','XR4','13-54937603\n','49950\n','NCR POS Printer //\n',1358,NULL),('1358REG003','10.203.169.18','NCR','XR4','13-54938069\n','49950\n','NCR POS Printer //\n',1358,NULL),('1359REG001','10.203.169.146 ','NCR','XR4','13-54940006\n','49950\n','NCR POS Printer //\n',1359,NULL),('1359REG002','10.203.169.147','NCR','XR4','13-54940247\n','49950\n','NCR POS Printer //\n',1359,NULL),('1359REG003','10.203.169.148','NCR','XR4','13-54940499\n','49950\n','NCR POS Printer //\n',1359,NULL),('1364REG001','10.203.171.16','NCR','XR4','13-54938388\n','49950\n','NCR POS Printer //\n',1364,NULL),('1364REG002','10.203.171.17','NCR','XR4','13-54939995\n','49950\n','NCR POS Printer //\n',1364,NULL),('1364REG003','10.203.171.18','NCR','XR4','13-54939974\n','49950\n','NCR POS Printer //\n',1364,NULL),('1545REG001','10.203.182.146','NCR','XR4','13-54939972\n','49950\n','NCR POS Printer //\n',1545,NULL),('1545REG002','10.203.182.147','NCR','XR4','13-54939981\n','49950\n','NCR POS Printer //\n',1545,NULL),('1545REG003','10.203.182.148','NCR','XR4','13-54937618\n','49950\n','NCR POS Printer //\n',1545,NULL),('1545REG004','10.203.182.149','NCR','XR4','30-53506872\n','25424\n','NCR POS Printer //\n',1545,NULL),('1552REG001','10.203.200.146','NCR','XR4','13-54939988\n','49950\n','NCR POS Printer //\n',1552,NULL),('1552REG002','10.203.200.147','NCR','XR4','13-54940007\n','49950\n','NCR POS Printer //\n',1552,NULL),('1552REG003','10.203.200.148','NCR','XR4','13-54940013\n','49950\n','NCR POS Printer //\n',1552,NULL),('1570REG001','10.203.222.146','NCR','XR4','13-54940010\n','49950\n','NCR POS Printer //\n',1570,NULL),('1570REG002','10.203.222.147','NCR','XR4','13-54940052\n','49950\n','NCR POS Printer //\n',1570,NULL),('1570REG003','10.203.222.148','NCR','XR4','13-54940046\n','49950\n','NCR POS Printer //\n',1570,NULL),('1603REG001','10.203.230.146','NCR','XR4','13-54939979\n','49950\n','NCR POS Printer //\n',1603,NULL),('1603REG002','10.203.230.147','NCR','XR4','13-54939992\n','49950\n','NCR POS Printer //\n',1603,NULL),('1604REG001','10.203.231.16','NCR','XR4','13-54939985\n','49950\n','NCR POS Printer //\n',1604,NULL),('1604REG002','10.203.231.17','NCR','XR4','13-54939987\n','49950\n','NCR POS Printer //\n',1604,NULL),('1627REG001','10.203.227.146','NCR','XR4','13-54939977\n','49950\n','NCR POS Printer //\n',1627,NULL),('1627REG002','10.203.227.147','NCR','XR4','13-54940012\n','49950\n','NCR POS Printer //\n',1627,NULL),('1628REG001','10.203.246.16','NCR','XR4','13-54940233\n','49950\n','NCR POS Printer //\n',1628,NULL),('1628REG002','10.203.246.17','NCR','XR4','13-54940261\n','49950\n','NCR POS Printer //\n',1628,NULL),('1628REG003','10.203.246.18','NCR','XR4','13-54940260\n','49950\n','NCR POS Printer //\n',1628,NULL),('1629REG001','10.203.245.146','NCR','XR4','13-54940272\n','49950\n','NCR POS Printer //\n',1629,NULL),('1629REG002','10.203.245.147','NCR','XR4','13-54940388\n','49950\n','NCR POS Printer //\n',1629,NULL),('1639REG001','10.204.18.16','NCR','XR4','13-54938074\n','49950\n','NCR POS Printer //\n',1639,NULL),('1639REG002','10.204.18.17','NCR','XR4','13-54933389\n','49950\n','NCR POS Printer //\n',1639,NULL),('1639REG003','10.204.18.18','NCR','XR4','13-54933381\n','49950\n','NCR POS Printer //\n',1639,NULL),('1640REG001','10.204.17.16','NCR','XR4','13-54940268\n','49950\n','NCR POS Printer //\n',1640,NULL),('1640REG002','10.204.17.17','NCR','XR4','13-54940362\n','49950\n','NCR POS Printer //\n',1640,NULL),('1640REG003','10.204.17.18','NCR','XR4','13-54940382\n','49950\n','NCR POS Printer //\n',1640,NULL),('1640REG004','10.204.17.19','NCR','XR4','13-54940367\n','49950\n','NCR POS Printer //\n',1640,NULL),('1641REG001','10.204.17.146','NCR','XR4','13-54933396\n','49950\n','NCR POS Printer //\n',1641,NULL),('1641REG002','10.204.17.147','NCR','XR4','13-54933383\n','49950\n','NCR POS Printer //\n',1641,NULL),('1641REG003','10.204.17.148','NCR','XR4','30-53506326\n','49950\n','NCR POS Printer //\n',1641,NULL),('1642REG001','10.204.16.16','NCR','XR4','13-54940315\n','49950\n','NCR POS Printer //\n',1642,NULL),('1642REG002','10.204.16.17','NCR','XR4','30-52955595\n','49950\n','NCR POS Printer //\n',1642,NULL),('1642REG003','10.204.16.18','NCR','XR4','13-54940304\n','49950\n','NCR POS Printer //\n',1642,NULL),('1678REG001','10.204.16.146','NCR','XR4','13-54940424\n','49950\n','NCR POS Printer //\n',1678,NULL),('1678REG002','10.204.16.147','NCR','XR4','13-54940359\n','49950\n','NCR POS Printer //\n',1678,NULL),('1678REG003','10.204.16.148','NCR','XR4','30-53506844\n','49950\n','NCR POS Printer //\n',1678,NULL),('1699REG001','10.204.34.146','NCR','XR4','30-53506330\n','49950\n','NCR POS Printer //\n',1699,NULL),('1699REG002','10.204.34.147','NCR','XR4','13-54933394\n','49950\n','NCR POS Printer //\n',1699,NULL),('1700REG001','10.204.35.16','NCR','XR4','30-53506327\n','49950\n','NCR POS Printer //\n',1700,NULL),('1700REG002','10.204.35.17','NCR','XR4','13-54940274\n','49950\n','NCR POS Printer //\n',1700,NULL),('1700REG003','10.204.35.18','NCR','XR4','30-53506718\n','49950\n','NCR POS Printer //\n',1700,NULL),('1701REG001','10.204.35.146','NCR','XR4','13-54933397\n','49950\n','NCR POS Printer //\n',1701,NULL),('1701REG002','10.204.35.147','NCR','XR4','13-54933385\n','49950\n','NCR POS Printer //\n',1701,NULL),('1759REG001','10.204.64.146','NCR','XR4','13-54940324\n','49950\n','NCR POS Printer //\n',1759,NULL),('1759REG002','10.204.64.147','NCR','XR4','13-58384868\n','49950\n','NCR POS Printer //\n',1759,NULL),('1759REG003','10.204.64.148','NCR','XR4','13-58384925\n','49950\n','NCR POS Printer //\n',1759,NULL),('1760REG001','10.204.65.16','NCR','XR4','13-54940546\n','49950\n','NCR POS Printer //\n',1760,NULL),('1760REG002','10.204.65.17','NCR','XR4','13-58384307\n','49950\n','NCR POS Printer //\n',1760,NULL),('1761REG001','10.204.65.146','NCR','XR4','13-58384690\n','49950\n','NCR POS Printer //\n',1761,NULL),('1761REG002','10.204.65.147','NCR','XR4','13-58384402\n','49950\n','NCR POS Printer //\n',1761,NULL),('1761REG003','10.204.65.148','NCR','XR4','13-58384860\n','49950\n','NCR POS Printer //\n',1761,NULL),('1762REG001','10.204.66.16','NCR','XR4','13-58384669\n','49950\n','NCR POS Printer //\n',1762,NULL),('1762REG002','10.204.66.17','NCR','XR4','13-58384485\n','49950\n','NCR POS Printer //\n',1762,NULL),('1762REG003','10.204.66.18','NCR','XR4','13-58384926\n','49950\n','NCR POS Printer //\n',1762,NULL),('1786REG001','10.204.97.16','NCR','XR4','13-58384847\n','49950\n','NCR POS Printer //\n',1786,NULL),('1786REG002','10.204.97.17','NCR','XR4','13-58384408\n','49950\n','NCR POS Printer //\n',1786,NULL),('1787REG001','10.204.67.16','NCR','XR4','13-58384526\n','49950\n','NCR POS Printer //\n',1787,NULL),('1787REG002','10.204.67.17','NCR','XR4','13-58384680\n','49950\n','NCR POS Printer //\n',1787,NULL),('1787REG003','10.204.67.18','NCR','XR4','13-58384681\n','49950\n','NCR POS Printer //\n',1787,NULL),('1788REG001','10.204.36.146','NCR','XR4','13-58384469\n','49950\n','NCR POS Printer //\n',1788,NULL),('1788REG002','10.204.36.147','NCR','XR4','13-58384504\n','49950\n','NCR POS Printer //\n',1788,NULL),('1788REG003','10.204.36.148','NCR','XR4','13-58384482\n','49950\n','NCR POS Printer //\n',1788,NULL),('1789REG001','10.204.67.146','NCR','XR4','13-58384419\n','49950\n','NCR POS Printer //\n',1789,NULL),('1789REG002','10.204.67.147','NCR','XR4','13-58384749\n','49950\n','NCR POS Printer //\n',1789,NULL),('1789REG003','10.204.67.148','NCR','XR4','13-58384709\n','49950\n','NCR POS Printer //\n',1789,NULL),('1790REG001','10.204.68.16','NCR','XR4','13-58384657\n','49950\n','NCR POS Printer //\n',1790,NULL),('1790REG002','10.204.68.17','NCR','XR4','13-58384700\n','49950\n','NCR POS Printer //\n',1790,NULL),('1790REG003','10.204.68.18','NCR','XR4','13-58384289\n','49950\n','NCR POS Printer //\n',1790,NULL),('1791REG001','10.204.66.146','NCR','XR4','13-58384678\n','49950\n','NCR POS Printer //\n',1791,NULL),('1791REG002','10.204.66.147','NCR','XR4','13-58384424\n','49950\n','NCR POS Printer //\n',1791,NULL),('1791REG003','10.204.66.148','NCR','XR4','13-58384444\n','49950\n','NCR POS Printer //\n',1791,NULL),('1868REG001','10.204.127.16','NCR','XR4','30-53506329\n','49950\n','NCR POS Printer //\n',1868,NULL),('1868REG002','10.204.127.17','NCR','XR4','13-58384883\n','49950\n','NCR POS Printer //\n',1868,NULL),('1895REG001','10.204.127.146','NCR','XR4','13-58384293\n','49950\n','NCR POS Printer //\n',1895,NULL),('1895REG002','10.204.127.147','NCR','XR4','13-58384284\n','49950\n','NCR POS Printer //\n',1895,NULL),('1895REG003','10.204.127.148','NCR','XR4','13-58384909\n','49950\n','NCR POS Printer //\n',1895,NULL),('1896REG001','10.204.128.16','NCR','XR4','13-58384497\n','49950\n','NCR POS Printer //\n',1896,NULL),('1896REG002','10.204.128.17','NCR','XR4','13-58384897\n','49950\n','NCR POS Printer //\n',1896,NULL),('1896REG003','10.204.128.18','NCR','XR4','13-58384412\n','49950\n','NCR POS Printer //\n',1896,NULL),('1897REG001','10.204.128.146','NCR','XR4','13-58384623\n','49950\n','NCR POS Printer //\n',1897,NULL),('1897REG002','10.204.128.147','NCR','XR4','13-58384536\n','49950\n','NCR POS Printer //\n',1897,NULL),('1897REG003','10.204.128.148','NCR','XR4','13-58384516\n','49950\n','NCR POS Printer //\n',1897,NULL),('1898REG001','10.204.129.16','NCR','XR4','13-58384806\n','49950\n','NCR POS Printer //\n',1898,NULL),('1898REG002','10.204.129.17','NCR','XR4','13-58384543\n','49950\n','NCR POS Printer //\n',1898,NULL),('1898REG003','10.204.129.18','NCR','XR4','13-58384730\n','49950\n','NCR POS Printer //\n',1898,NULL),('1899REG001','10.204.130.16','NCR','XR4','13-58384600\n','49950\n','NCR POS Printer //\n',1899,NULL),('1899REG002','10.204.130.17','NCR','XR4','13-58384585\n','49950\n','NCR POS Printer //\n',1899,NULL),('1899REG003','10.204.130.18','NCR','XR4','13-58384699\n','49950\n','NCR POS Printer //\n',1899,NULL),('1900REG001','10.204.129.146','NCR','XR4','13-58384557\n','49950\n','NCR POS Printer //\n',1900,NULL),('1900REG002','10.204.129.147','NCR','XR4','13-58384775\n','49950\n','NCR POS Printer //\n',1900,NULL),('1900REG003','10.204.129.148','NCR','XR4','13-58384592\n','49950\n','NCR POS Printer //\n',1900,NULL),('1914REG001','10.204.148.146','NCR','XR4','13-58391423\n','49950\n','NCR POS Printer //\n',1914,NULL),('1914REG002','10.204.148.147','NCR','XR4','13-58391408\n','49950\n','NCR POS Printer //\n',1914,NULL),('1914REG003','10.204.148.148','NCR','XR4','13-54940048\n','49950\n','NCR POS Printer //\n',1914,NULL),('1915REG001','10.204.148.16','NCR','','','','',1915,NULL),('1915REG002','10.204.148.17','NCR','XR4','13-58384658\n','49950\n','NCR POS Printer //\n',1915,NULL),('1915REG003','10.204.148.18','NCR','XR4','13-58384564\n','49950\n','NCR POS Printer //\n',1915,NULL),('1916REG001','10.204.149.16','NCR','XR4','13-54937631\n','49950\n','NCR POS Printer //\n',1916,NULL),('1916REG002','10.204.149.17','NCR','XR4','13-54940055\n','49950\n','NCR POS Printer //\n',1916,NULL),('1916REG003','10.204.149.18','NCR','XR4','13-54940034\n','49950\n','NCR POS Printer //\n',1916,NULL),('1916REG004','10.204.149.19','NCR','XR4','0\n','49950','NCR POS Printer //',1916,NULL),('1918REG001','10.204.206.146','NCR','XR4','13-58390175\n','49950\n','NCR POS Printer //\n',1918,NULL),('1918REG002','10.204.206.147','NCR','XR4','13-58390178\n','49950\n','NCR POS Printer //\n',1918,NULL),('1918REG003','10.204.206.148','NCR','XR4','13-58390278\n','49950\n','NCR POS Printer //\n',1918,NULL),('1919REG001','10.204.149.146','NCR','XR4','13-58389259\n','49950\n','NCR POS Printer //\n',1919,NULL),('1919REG002','10.204.149.147','NCR','XR4','13-58389246\n','49950\n','NCR POS Printer //\n',1919,NULL),('1919REG003','10.204.149.148','NCR','XR4','13-58389239\n','49950\n','NCR POS Printer //\n',1919,NULL),('1949REG001','10.204.150.16','NCR','XR4','13-58389272\n','49950\n','NCR POS Printer //\n',1949,NULL),('1949REG002','10.204.150.17','NCR','XR4','13-58389271\n','49950\n','NCR POS Printer //\n',1949,NULL),('1978REG001','10.204.175.146','NCR','XR4','13-58389237\n','49950\n','NCR POS Printer //\n',1978,NULL),('1978REG002','10.204.175.147','NCR','XR4','13-58389245\n','49950\n','NCR POS Printer //\n',1978,NULL),('1978REG003','10.204.175.148','NCR','XR4','13-58389220\n','49950\n','NCR POS Printer //\n',1978,NULL),('1979REG001','10.204.176.16','NCR','XR4','13-58389541\n','49950\n','NCR POS Printer //\n',1979,NULL),('1979REG002','10.204.176.17','NCR','XR4','13-58389567\n','49950\n','NCR POS Printer //\n',1979,NULL),('1979REG003','10.204.176.18','NCR','XR4','13-58389547\n','49950\n','NCR POS Printer //\n',1979,NULL),('2008REG001','10.204.176.146','NCR','XR4','13-58389578\n','49950\n','NCR POS Printer //\n',2008,NULL),('2008REG002','10.204.176.147','NCR','XR4','13-58389369\n','49950\n','NCR POS Printer //\n',2008,NULL),('2008REG003','10.204.176.148','NCR','XR4','13-54939991\n','49950\n','NCR POS Printer //\n',2008,NULL),('2009REG001','10.204.179.146','NCR','XR4','13-58389257\n','49950\n','NCR POS Printer //\n',2009,NULL),('2009REG002','10.204.179.147','NCR','XR4','13-58389232\n','49950\n','NCR POS Printer //\n',2009,NULL),('2009REG003','10.204.179.148','NCR','XR4','13-54940050\n','49950\n','NCR POS Printer //\n',2009,NULL),('2024REG001','10.204.186.16','NCR','XR4','13-58389525\n','49950\n','NCR POS Printer //\n',2024,NULL),('2024REG002','10.204.186.17','NCR','XR4','13-54940009\n','49950\n','NCR POS Printer //\n',2024,NULL),('2024REG003','10.204.186.18','NCR','XR4','13-58389599\n','49950\n','NCR POS Printer //\n',2024,NULL),('2032REG001','10.204.186.146','NCR','XR4','13-58389548\n','49950\n','NCR POS Printer //\n',2032,NULL),('2032REG002','10.204.186.147','NCR','XR4','13-58389553\n','49950\n','NCR POS Printer //\n',2032,NULL),('2032REG003','10.204.186.148','NCR','XR4','13-54940041\n','49950\n','NCR POS Printer //\n',2032,NULL),('2056REG001','10.204.207.16 ','NCR','XR4','13-54940207\n','49950\n','NCR POS Printer //\n',2056,NULL),('2056REG002','10.204.207.17 ','NCR','XR4','13-58390281\n','49950\n','NCR POS Printer //\n',2056,NULL),('2056REG003','10.204.207.18 ','NCR','XR4','13-58390177\n','49950\n','NCR POS Printer //\n',2056,NULL),('2057REG001','10.204.231.16','NCR','XR4','13-58391387\n','49950\n','NCR POS Printer //\n',2057,NULL),('2057REG002','10.204.231.17','NCR','XR4','13-58391279\n','49950\n','NCR POS Printer //\n',2057,NULL),('2057REG003','10.204.231.18','NCR','XR4','13-54938201\n','49950\n','NCR POS Printer //\n',2057,NULL),('2121REG001','10.204.238.16','NCR','XR4','13-54939973\n','49950\n','NCR POS Printer //\n',2121,NULL),('2121REG002','10.204.238.17','NCR','XR4','13-54939989\n','49950\n','NCR POS Printer //\n',2121,NULL),('2121REG003','10.204.238.18','NCR','XR4','13-54939978\n','49950\n','NCR POS Printer //\n',2121,NULL),('2134REG001','10.204.239.16','NCR','XR4','13-58391212\n','49950\n','NCR POS Printer //\n',2134,NULL),('2134REG002','10.204.239.17','NCR','XR4','13-54938374\n','49950\n','NCR POS Printer //\n',2134,NULL),('2134REG003','10.204.239.18','NCR','XR4','13-58391341\n','49950\n','NCR POS Printer //\n',2134,NULL),('2157REG001','10.204.27.16','NCR','XR4','13-58391390\n','49950\n','NCR POS Printer //\n',2157,NULL),('2157REG002','10.204.27.17','NCR','XR4','13-58391201\n','49950\n','NCR POS Printer //\n',2157,NULL),('2157REG003','10.204.27.18','NCR','XR4','13-58391386\n','49950\n','NCR POS Printer //\n',2157,NULL),('2158REG001','10.203.251.16','NCR','XR4','13-58391370\n','49950\n','NCR POS Printer //\n',2158,NULL),('2158REG002','10.203.251.17','NCR','XR4','13-58391191\n','49950\n','NCR POS Printer //\n',2158,NULL),('2158REG003','10.203.251.18','NCR','','','','',2158,NULL),('571REG001','10.201.217.146','Wincor_Nixdorf','BEETLE/M-II','53R0210324\n','51944\n','TH230 USB  /./\n',571,NULL),('571REG002','10.201.217.147','Wincor_Nixdorf','BEETLE/M-II','53R0151015\n','49950\n','TH230 USB  /./\n',571,NULL),('571REG003','10.201.217.148','Wincor_Nixdorf','BEETLE/M-II','53R0151013\n','51944\n','TH230 USB  /./\n',571,NULL),('572REG001','10.201.219.146','Wincor_Nixdorf','BEETLE/M-II','53R0153216\n','51944\n','TH230 USB  /./\n',572,NULL),('572REG002','10.201.219.147','Wincor_Nixdorf','BEETLE/M-II','53R0151011\n','51944\n','NCR POS Printer //\n',572,NULL),('572REG003','10.201.219.148','Wincor_Nixdorf','BEETLE/M-II','53R0151008\n','49950\n','NCR POS Printer //\n',572,NULL),('573REG001','10.201.220.16','Wincor_Nixdorf','BEETLE/M-II','53R0197190\n','51944\n','TH230 USB  /./\n',573,NULL),('573REG002','10.201.220.17','Wincor_Nixdorf','BEETLE/M-II','53R0008671\n','51944\n','TH230 USB  /./\n',573,NULL),('574REG001','10.201.220.146','Wincor_Nixdorf','BEETLE/M-II','53R0008735\n','51944\n','TH230 USB  /./\n',574,NULL),('574REG002','10.201.220.147','Wincor_Nixdorf','BEETLE/M-II','53R0237174\n','51944\n','TH230 USB  /./\n',574,NULL),('574REG003','10.201.220.148','NCR','XR4','13-54935450\n','49950\n','NCR POS Printer //\n',574,NULL),('574REG004','10.201.220.149','NCR','XR4','13-54939980\n','49950\n','NCR POS Printer //\n',574,NULL),('575REG001','10.201.221.16','Wincor_Nixdorf','BEETLE/M-II','53R0197156\n','51944\n','TH230 USB  /./\n',575,NULL),('575REG002','10.201.221.17','Wincor_Nixdorf','BEETLE/M-II','53R0197187\n','51944\n','NCR POS Printer //\n',575,NULL),('575REG003','10.201.221.18','Wincor_Nixdorf','BEETLE/M-III','53R0284241\n','51944\n','BIXOLON Printer/./\n',575,NULL),('575REG004','10.201.221.19','NCR','XR4','13-54940390\n','49950\n','NCR POS Printer //\n',575,NULL),('576REG001','10.201.222.16','Wincor_Nixdorf','BEETLE/M-II','53R0108513\n','51944\n','TH230 USB  /./\n',576,NULL),('576REG002','10.201.222.17','Wincor_Nixdorf','BEETLE/M-II','53R0152960\n','49950\n','TH230 USB  /./\n',576,NULL),('576REG003','10.201.222.18','Wincor_Nixdorf','BEETLE/M-II','53R0177526\n','51944\n','TH230 USB  /./\n',576,NULL),('577REG001','10.201.223.16','Wincor_Nixdorf','BEETLE/M-II','53R0008774\n','51944\n','TH230 USB  /./\n',577,NULL),('577REG002','10.201.223.17','Wincor_Nixdorf','BEETLE/M-II','53R0210364\n','51944\n','TH230 USB  /./\n',577,NULL),('577REG003','10.201.223.18','Wincor_Nixdorf','BEETLE/M-II','53R0008622\n','51944\n','TH230 USB  /./\n',577,NULL),('578REG001','10.201.223.146','Wincor_Nixdorf','BEETLE/M-II','53R0108503\n','51944\n','TH230 USB  /./\n',578,NULL),('578REG002','10.201.223.147','Wincor_Nixdorf','BEETLE/M-II','53R0008690\n','51944\n','NCR POS Printer //\n',578,NULL),('578REG003','10.201.223.148','Wincor_Nixdorf','BEETLE/M-II','53R0151035\n','51944\n','TH230 USB  /./\n',578,NULL),('579REG001','10.201.225.16','Wincor_Nixdorf','BEETLE/M-II','53R0124094\n','49950\n','TH230 USB  /./\n',579,NULL),('579REG002','10.201.225.17','Wincor_Nixdorf','BEETLE/M-II','53R0124095\n','51944\n','TH230 USB  /./\n',579,NULL),('581REG001','10.201.227.146','Wincor_Nixdorf','BEETLE/M-II','53R0118377\n','49950\n','TH230 USB  /./\n',581,NULL),('581REG002','10.201.227.147','Wincor_Nixdorf','BEETLE/M-II','53R0118331\n','51944\n','TH230 USB  /./\n',581,NULL),('581REG003','10.201.227.148','Wincor_Nixdorf','BEETLE/M-II','53R0118316\n','49950\n','TH230 USB  /./\n',581,NULL),('582REG001','10.201.228.16','Wincor_Nixdorf','BEETLE/M-II','53R0118355\n','49950\n','TH230 USB  /./\n',582,NULL),('582REG002','10.201.228.17','Wincor_Nixdorf','BEETLE/M-II','53R0118368\n','49950\n','TH230 USB  /./\n',582,NULL),('582REG003','10.201.228.18','Wincor_Nixdorf','BEETLE/M-II','53R0118370\n','51944\n','TH230 USB  /./\n',582,NULL),('583REG001','10.201.228.146','Wincor_Nixdorf','BEETLE/M-II','53R0254140\n','51944\n','TH230 USB  /./\n',583,NULL),('583REG002','10.201.228.147','Wincor_Nixdorf','BEETLE/M-II','53R0118351\n','51944\n','NCR POS Printer //\n',583,NULL),('583REG003','10.201.228.148','Wincor_Nixdorf','BEETLE/M-II','53R0118350\n','51944\n','TH230 USB  /./\n',583,NULL),('584REG001','10.201.227.16','Wincor_Nixdorf','BEETLE/M-II','53R0118369\n','51944\n','TH230 USB  /./\n',584,NULL),('584REG002','10.201.227.17','Wincor_Nixdorf','BEETLE/M-II','53R0118390\n','51944\n','TH230 USB  /./\n',584,NULL),('584REG003','10.201.227.18','Wincor_Nixdorf','BEETLE/M-III','53R0303155\n','51944\n','BIXOLON Printer/./\n',584,NULL),('585REG001','10.201.229.16','Wincor_Nixdorf','BEETLE/M-II','53R0151036\n','51944\n','TH230 USB  /./\n',585,NULL),('585REG002','10.201.229.17','Wincor_Nixdorf','BEETLE/M-II','53R0118360\n','51944\n','NCR POS Printer //\n',585,NULL),('586REG001','10.201.229.146','Wincor_Nixdorf','BEETLE/M-II','53R0177590\n','51944\n','TH230 USB  /./\n',586,NULL),('586REG002','10.201.229.147','Wincor_Nixdorf','BEETLE/M-II','53R0177586\n','51944\n','TH230 USB  /./\n',586,NULL),('586REG003','10.201.229.148','Wincor_Nixdorf','BEETLE/M-II','53R0177589\n','51944\n','TH230 USB  /./\n',586,NULL),('587REG001','10.201.230.16','Wincor_Nixdorf','BEETLE/M-II','53R0151005\n','51944\n','TH230 USB  /./\n',587,NULL),('587REG002','10.201.230.17','Wincor_Nixdorf','BEETLE/M-II','53R0153171\n','51944\n','TH230 USB  /./\n',587,NULL),('587REG003','10.201.230.18','Wincor_Nixdorf','BEETLE/M-II','53R0153175\n','51944\n','NCR POS Printer //\n',587,NULL),('588REG001','10.201.231.16','Wincor_Nixdorf','BEETLE/M-II','53R0152957\n','51944\n','TH230 USB  /./\n',588,NULL),('588REG002','10.201.231.17','Wincor_Nixdorf','BEETLE/M-II','53R0153172\n','51944\n','TH230 USB  /./\n',588,NULL),('588REG003','10.201.231.18','Wincor_Nixdorf','BEETLE/M-II','53R0152981\n','51944\n','TH230 USB  /./\n',588,NULL),('589REG001','10.201.232.16','Wincor_Nixdorf','BEETLE/M-II','53R0177532\n','51944\n','TH230 USB  /./\n',589,NULL),('589REG002','10.201.232.17','Wincor_Nixdorf','BEETLE/M-II','53R0177502\n','51944\n','TH230 USB  /./\n',589,NULL),('589REG003','10.201.232.18','Wincor_Nixdorf','BEETLE/M-II','53R0177641\n','51944\n','TH230 USB  /./\n',589,NULL),('591REG001','10.201.233.16','Wincor_Nixdorf','BEETLE/M-II','53R0177503\n','51944\n','TH230 USB  /./\n',591,NULL),('591REG002','10.201.233.17','Wincor_Nixdorf','BEETLE/M-II','53R0177626\n','51944\n','TH230 USB  /./\n',591,NULL),('591REG003','10.201.233.18','Wincor_Nixdorf','BEETLE/M-II','53R0264165\n','51944\n','NCR POS Printer //\n',591,NULL),('591REG004','10.201.233.19','Wincor_Nixdorf','BEETLE/M-II','53R0005998\n','51944\n','TH230 USB  /./\n',591,NULL),('592REG001','10.201.233.146','Wincor_Nixdorf','BEETLE/M-II','53R0177711\n','51944\n','TH230 USB  /./\n',592,NULL),('592REG002','10.201.233.147','Wincor_Nixdorf','BEETLE/M-II','53R0177575\n','51944\n','TH230 USB  /./\n',592,NULL),('592REG003','10.201.233.148','Wincor_Nixdorf','BEETLE/M-II','53R0177696\n','51944\n','TH230 USB  /./\n',592,NULL),('592REG004','10.201.233.149','Wincor_Nixdorf','BEETLE/M-II','53R0177712\n','51944\n','TH230 USB  /./\n',592,NULL),('593REG001','10.201.234.16','Wincor_Nixdorf','BEETLE/M-II','53R0177574\n','49950\n','TH230 USB  /./\n',593,NULL),('593REG002','10.201.234.17','Wincor_Nixdorf','BEETLE/M-II','53R0177683\n','51944\n','NCR POS Printer //\n',593,NULL),('593REG003','10.201.234.18','Wincor_Nixdorf','BEETLE/M-II','53R0177684\n','51944\n','TH230 USB  /./\n',593,NULL),('594REG001','10.201.235.16','Wincor_Nixdorf','BEETLE/M-II','53R0177718\n','51944\n','NCR POS Printer //\n',594,NULL),('594REG002','10.201.235.17','Wincor_Nixdorf','BEETLE/M-II','53R0177490\n','51944\n','NCR POS Printer //\n',594,NULL),('594REG003','10.201.235.18','Wincor_Nixdorf','BEETLE/M-II','53R0210340\n','51944\n','TH230 USB  /./\n',594,NULL),('594REG004','10.201.235.19','NCR','XR4','13-58391323\n','49950\n','NCR POS Printer //\n',594,NULL),('595REG001','10.201.235.146','Wincor_Nixdorf','BEETLE/M-II','53R0177531\n','51944\n','NCR POS Printer //\n',595,NULL),('595REG002','10.201.235.147','Wincor_Nixdorf','BEETLE/M-II','53R0177529\n','51944\n','TH230 USB  /./\n',595,NULL),('595REG003','10.201.235.148','Wincor_Nixdorf','BEETLE/M-II','53R0177534\n','51944\n','NCR POS Printer //\n',595,NULL),('596REG001','10.201.234.146','Wincor_Nixdorf','BEETLE/M-II','53R0210347\n','51944\n','TH230 USB  /./\n',596,NULL),('596REG002','10.201.234.147','Wincor_Nixdorf','BEETLE/M-II','53R0210371\n','51944\n','NCR POS Printer //\n',596,NULL),('596REG003','10.201.234.148','Wincor_Nixdorf','BEETLE/M-II','53R0210363\n','51944\n','TH230 USB  /./\n',596,NULL),('597REG001','10.201.239.146','Wincor_Nixdorf','BEETLE/M-II','53R0210911\n','51944\n','TH230 USB  /./\n',597,NULL),('597REG002','10.201.239.147','Wincor_Nixdorf','BEETLE/M-II','53R0210950\n','51944\n','TH230 USB  /./\n',597,NULL),('597REG003','10.201.239.148','Wincor_Nixdorf','BEETLE/M-II','53R0118366\n','49950\n','TH230 USB  /./\n',597,NULL),('597REG004','10.201.239.149','Wincor_Nixdorf','BEETLE/M-II','53R0211279\n','51944\n','TH230 USB  /./\n',597,NULL),('598REG001','10.201.242.16','Wincor_Nixdorf','BEETLE/M-II','53R0237122\n','51944\n','NCR POS Printer //\n',598,NULL),('598REG002','10.201.242.17','Wincor_Nixdorf','BEETLE/M-II','53R0237123\n','51944\n','TH230 USB  /./\n',598,NULL),('598REG003','10.201.242.18','Wincor_Nixdorf','BEETLE/M-II','53R0211085\n','51944\n','TH230 USB  /./\n',598,NULL),('599REG001','10.201.243.16','Wincor_Nixdorf','BEETLE/M-II','53R0264123\n','51944\n','TH230 USB  /./\n',599,NULL),('599REG002','10.201.243.17','Wincor_Nixdorf','BEETLE/M-II','53R0264210\n','51944\n','NCR POS Printer //\n',599,NULL),('599REG003','10.201.243.18','NCR','XR4','13-54940306\n','49950\n','NCR POS Printer //\n',599,NULL),('600REG001','10.202.60.16','Wincor_Nixdorf','BEETLE/M-II','53R0124140\n','49950\n','TH230 USB  /./\n',600,NULL),('600REG002','10.202.60.17','Wincor_Nixdorf','BEETLE/M-II','53R0005979\n','51944\n','TH230 USB  /./\n',600,NULL),('600REG003','10.202.60.18','Wincor_Nixdorf','BEETLE/M-II','53R0118372\n','51944\n','TH230 USB  /./\n',600,NULL),('600REG004','10.202.60.19','Wincor_Nixdorf','BEETLE/M-II','53R0118393\n','51944\n','TH230 USB  /./\n',600,NULL),('601REG001','10.202.73.16','Wincor_Nixdorf','BEETLE/M-II','53R0005918\n','51944\n','TH230 USB  /./\n',601,NULL),('601REG002','10.202.73.17','Wincor_Nixdorf','BEETLE/M-II','53R0264106\n','51944\n','TH230 USB  /./\n',601,NULL),('602REG001','10.202.73.146','Wincor_Nixdorf','BEETLE/M-II','53R0118375\n','51944\n','TH230 USB  /./\n',602,NULL),('602REG002','10.202.73.147','Wincor_Nixdorf','BEETLE/M-II','53R0197015\n','51944\n','TH230 USB  /./\n',602,NULL),('602REG003','10.202.73.148','Wincor_Nixdorf','BEETLE/M-II','53R0151003\n','51944\n','NCR POS Printer //\n',602,NULL),('603REG001','10.202.75.16','Wincor_Nixdorf','BEETLE/M-III','53R0274315\n','49950\n','NCR POS Printer //\n',603,NULL),('603REG002','10.202.75.17','Wincor_Nixdorf','BEETLE/M-III','53R0274313\n','49950\n','BIXOLON Printer/./\n',603,NULL),('603REG003','10.202.75.18','Wincor_Nixdorf','BEETLE/M-III','53R0274310\n','49950\n','BIXOLON Printer/./\n',603,NULL),('604REG001','10.202.86.16','Wincor_Nixdorf','BEETLE/M-III','53R0274295\n','51944\n','BIXOLON Printer/./\n',604,NULL),('604REG002','10.202.86.17','Wincor_Nixdorf','BEETLE/M-III','53R0274283\n','51944\n','BIXOLON Printer/./\n',604,NULL),('604REG003','10.202.86.18','NCR','XR4','13-58384434\n','49950\n','NCR POS Printer //\n',604,NULL),('605REG001','10.202.86.146','NCR','XR4','30-53506887\n','49950\n','NCR POS Printer //\n',605,NULL),('605REG002','10.202.86.147','NCR','XR4','13-54940351\n','49950\n','NCR POS Printer //\n',605,NULL),('605REG003','10.202.86.148','NCR','XR4','13-58384437\n','49950\n','NCR POS Printer //\n',605,NULL),('605REG004','10.202.86.149','NCR','XR4','13-54937784\n','49950\n','NCR POS Printer //\n',605,NULL),('606REG001','10.202.87.16','Wincor_Nixdorf','BEETLE/M-III','53R0274332\n','51944\n','BIXOLON Printer/./\n',606,NULL),('606REG002','10.202.87.17','Wincor_Nixdorf','BEETLE/M-III','53R0274347\n','51944\n','BIXOLON Printer/./\n',606,NULL),('606REG003','10.202.87.18','Wincor_Nixdorf','BEETLE/M-III','53R0284237\n','51944\n','BIXOLON Printer/./\n',606,NULL),('606REG004','10.202.87.19','Wincor_Nixdorf','BEETLE/M-III','53R0284991\n','49950\n','NCR POS Printer //\n',606,NULL),('607REG001','10.202.92.16','Wincor_Nixdorf','BEETLE/M-III','53R0284872\n','51944\n','TH230 USB  /./\n',607,NULL),('607REG002','10.202.92.17','Wincor_Nixdorf','BEETLE/M-III','53R0284990\n','51944\n','TH230 USB  /./\n',607,NULL),('608REG001','10.202.95.146','Wincor_Nixdorf','BEETLE/M-II','53R0197148\n','51944\n','BIXOLON Printer/./\n',608,NULL),('608REG002','10.202.95.147','Wincor_Nixdorf','BEETLE/M-III','53R0284871\n','51944\n','BIXOLON Printer/./\n',608,NULL),('608REG003','10.202.95.148','Wincor_Nixdorf','BEETLE/M-III','53R0284896\n','51944\n','BIXOLON Printer/./\n',608,NULL),('608REG004','10.202.95.149','NCR','XR4','13-54940151\n','24866\n','NCR POS Printer //\n',608,NULL),('609REG001','10.202.96.16','Wincor_Nixdorf','BEETLE/M-II','53R0210319\n','51944\n','BIXOLON Printer/./\n',609,NULL),('609REG002','10.202.96.17','Wincor_Nixdorf','BEETLE/M-III','53R0284895\n','51944\n','BIXOLON Printer/./\n',609,NULL),('609REG003','10.202.96.18','Wincor_Nixdorf','BEETLE/M-III','53R0284254\n','51944\n','BIXOLON Printer/./\n',609,NULL),('609REG004','10.202.96.19','Wincor_Nixdorf','BEETLE/M-III','53R0284238\n','51944\n','BIXOLON Printer/./\n',609,NULL),('610REG001','10.202.97.16','Wincor_Nixdorf','BEETLE/M-III','53R0284258\n','51944\n','BIXOLON Printer/./\n',610,NULL),('610REG002','10.202.97.17','Wincor_Nixdorf','BEETLE/M-III','53R0284897\n','49950\n','BIXOLON Printer/./\n',610,NULL),('610REG003','10.202.97.18','Wincor_Nixdorf','BEETLE/M-III','53R0284252\n','49950\n','BIXOLON Printer/./\n',610,NULL),('611REG001','10.202.97.146','Wincor_Nixdorf','BEETLE/M-III','53R0296413\n','49950\n','BIXOLON Printer/./\n',611,NULL),('611REG002','10.202.97.147','Wincor_Nixdorf','BEETLE/M-II','000000005300713671\n','49950\n','BIXOLON Printer/./\n',611,NULL),('611REG003','10.202.97.148','Wincor_Nixdorf','BEETLE/M-III','53R0274227\n','49950\n','BIXOLON Printer/./\n',611,NULL),('613REG001','10.202.136.16','Wincor_Nixdorf','BEETLE/M-III','53R0295895\n','51944\n','BIXOLON Printer/./\n',613,NULL),('613REG002','10.202.136.17','Wincor_Nixdorf','BEETLE/M-III','53R0296354\n','51944\n','BIXOLON Printer/./\n',613,NULL),('613REG003','10.202.136.18','NCR','XR4','13-54940002\n','49950\n','NCR POS Printer //\n',613,NULL),('615REG001','10.202.10.146','Wincor_Nixdorf','BEETLE/M-II','53R0152989\n','49950\n','NCR POS Printer //\n',615,NULL),('615REG002','10.202.10.147','Wincor_Nixdorf','BEETLE/M-II','53R0153208\n','51944\n','TH230 USB  /./\n',615,NULL),('615REG003','10.202.10.148','Wincor_Nixdorf','BEETLE/M-II','53R0152986\n','51944\n','NCR POS Printer //\n',615,NULL),('615REG004','10.202.10.149','Wincor_Nixdorf','BEETLE/M-II','53R0153201\n','51944\n','NCR POS Printer //\n',615,NULL),('616REG001','10.202.13.16','Wincor_Nixdorf','BEETLE/M-II','53R0177594\n','51944\n','TH230 USB  /./\n',616,NULL),('616REG002','10.202.13.17','Wincor_Nixdorf','BEETLE/M-II','53R0200672\n','51944\n','TH230 USB  /./\n',616,NULL),('616REG003','10.202.13.18','Wincor_Nixdorf','BEETLE/M-II','53R0200670\n','51944\n','TH230 USB  /./\n',616,NULL),('616REG004','10.202.13.19 ','NCR','XR4','13-58390231\n','49950\n','NCR POS Printer //\n',616,NULL),('617REG001','10.202.13.146','Wincor_Nixdorf','BEETLE/M-II','53R0177530\n','51944\n','TH230 USB  /./\n',617,NULL),('617REG002','10.202.13.147','Wincor_Nixdorf','BEETLE/M-II','53R0177488\n','51944\n','TH230 USB  /./\n',617,NULL),('617REG003','10.202.13.148','Wincor_Nixdorf','BEETLE/M-II','53R0200675\n','51944\n','TH230 USB  /./\n',617,NULL),('618REG001','10.202.14.146','Wincor_Nixdorf','BEETLE/M-II','53R0197082\n','51944\n','TH230 USB  /./\n',618,NULL),('618REG002','10.202.14.147','Wincor_Nixdorf','BEETLE/M-II','53R0197021\n','51944\n','TH230 USB  /./\n',618,NULL),('618REG003','10.202.14.148','Wincor_Nixdorf','BEETLE/M-II','53R0197076\n','51944\n','TH230 USB  /./\n',618,NULL),('619REG001','10.202.16.146','Wincor_Nixdorf','BEETLE/M-II','53R0197154\n','51944\n','NCR POS Printer //\n',619,NULL),('619REG002','10.202.16.147','Wincor_Nixdorf','BEETLE/M-II','53R0197159\n','51944\n','NCR POS Printer //\n',619,NULL),('619REG003','10.202.16.148','Wincor_Nixdorf','BEETLE/M-II','53R0197173\n','51944\n','TH230 USB  /./\n',619,NULL),('619REG004','10.202.16.149','Wincor_Nixdorf','BEETLE/M-II','53R0210366\n','51944\n','NCR POS Printer //\n',619,NULL),('619REG005','10.202.16.150','NCR','XR4','13-54940307\n','49950\n','NCR POS Printer //\n',619,NULL),('620REG001','10.202.20.146','Wincor_Nixdorf','BEETLE/M-II','53R0197061\n','51944\n','TH230 USB  /./\n',620,NULL),('620REG002','10.202.20.147','Wincor_Nixdorf','BEETLE/M-II','53R0210420\n','51944\n','TH230 USB  /./\n',620,NULL),('620REG003','10.202.20.148','Wincor_Nixdorf','BEETLE/M-II','53R0210415\n','51944\n','TH230 USB  /./\n',620,NULL),('620REG004','10.202.20.149','Wincor_Nixdorf','BEETLE/M-II','53R0210423\n','05593\n','NCR POS Printer //\n',620,NULL),('621REG001','10.202.21.146','Wincor_Nixdorf','BEETLE/M-III','53R0284234\n','51944\n','BIXOLON Printer/./\n',621,NULL),('621REG002','10.202.21.147','Wincor_Nixdorf','BEETLE/M-III','53R0284143\n','49950\n','BIXOLON Printer/./\n',621,NULL),('621REG003','10.202.21.148','Wincor_Nixdorf','BEETLE/M-III','53R0284166\n','49950\n','BIXOLON Printer/./\n',621,NULL),('622REG001','10.202.22.146','Wincor_Nixdorf','BEETLE/M-II','53R0210967\n','51944\n','NCR POS Printer //\n',622,NULL),('622REG002','10.202.22.147','Wincor_Nixdorf','BEETLE/M-II','53R0210968\n','51944\n','NCR POS Printer //\n',622,NULL),('622REG003','10.202.22.148','Wincor_Nixdorf','BEETLE/M-II','53R0211302\n','51944\n','TH230 USB  /./\n',622,NULL),('623REG001','10.202.26.16','Wincor_Nixdorf','BEETLE/M-II','53R0210927\n','51944\n','NCR POS Printer //\n',623,NULL),('623REG002','10.202.26.17','Wincor_Nixdorf','BEETLE/M-II','53R0211016\n','51944\n','TH230 USB  /./\n',623,NULL),('623REG003','10.202.26.18','Wincor_Nixdorf','BEETLE/M-II','53R0211011\n','51944\n','NCR POS Printer //\n',623,NULL),('624REG001','10.202.27.146','Wincor_Nixdorf','BEETLE/M-II','53R0211009\n','51944\n','NCR POS Printer //\n',624,NULL),('624REG002','10.202.27.147','Wincor_Nixdorf','BEETLE/M-II','53R0210416\n','49950\n','TH230 USB  /./\n',624,NULL),('624REG003','10.202.27.148','Wincor_Nixdorf','BEETLE/M-II','53R0211021\n','51944\n','TH230 USB  /./\n',624,NULL),('625REG001','10.202.79.16','Wincor_Nixdorf','BEETLE/M-II','53R0254093\n','51944\n','TH230 USB  /./\n',625,NULL),('625REG002','10.202.79.17','Wincor_Nixdorf','BEETLE/M-II','53R0254159\n','51944\n','BIXOLON Printer/./\n',625,NULL),('625REG003','10.202.79.18','Wincor_Nixdorf','BEETLE/M-II','53R0177472\n','51944\n','TH230 USB  /./\n',625,NULL),('626REG001','10.202.93.16','Wincor_Nixdorf','BEETLE/M-III','53R0274171\n','51944\n','BIXOLON Printer/./\n',626,NULL),('626REG002','10.202.93.17','Wincor_Nixdorf','BEETLE/M-III','53R0284165\n','51944\n','BIXOLON Printer/./\n',626,NULL),('626REG003','10.202.93.18','Wincor_Nixdorf','BEETLE/M-III','53R0284235\n','51944\n','BIXOLON Printer/./\n',626,NULL),('627REG001','10.202.108.146','Wincor_Nixdorf','BEETLE/M-III','53R0284348\n','51944\n','BIXOLON Printer/./\n',627,NULL),('627REG002','10.202.108.147','Wincor_Nixdorf','BEETLE/M-III','53R0284865\n','51944\n','BIXOLON Printer/./\n',627,NULL),('627REG003','10.202.108.148','Wincor_Nixdorf','BEETLE/M-III','53R0274230\n','51944\n','BIXOLON Printer/./\n',627,NULL),('628REG001','10.202.108.16','Wincor_Nixdorf','BEETLE/M-III','53R0274204\n','51944\n','BIXOLON Printer/./\n',628,NULL),('628REG002','10.202.108.17','Wincor_Nixdorf','BEETLE/M-III','53R0274180\n','51944\n','BIXOLON Printer/./\n',628,NULL),('628REG003','10.202.108.18','Wincor_Nixdorf','BEETLE/M-III','53R0274184\n','51944\n','BIXOLON Printer/./\n',628,NULL),('629REG001','10.202.114.16','Wincor_Nixdorf','BEETLE/M-II','53R0211040\n','49950\n','NCR POS Printer //\n',629,NULL),('629REG002','10.202.114.17','Wincor_Nixdorf','BEETLE/M-II','53R0211038\n','51944\n','TH230 USB  /./\n',629,NULL),('629REG003','10.202.114.18','Wincor_Nixdorf','BEETLE/M-II','53R0264105\n','49950\n','NCR POS Printer //\n',629,NULL),('630REG001','10.202.119.16','Wincor_Nixdorf','BEETLE/M-II','53R0197063\n','51944\n','NCR POS Printer //\n',630,NULL),('630REG002','10.202.119.17','Wincor_Nixdorf','BEETLE/M-II','53R0237394\n','51944\n','BIXOLON Printer/./\n',630,NULL),('630REG003','10.202.119.18','Wincor_Nixdorf','BEETLE/M-II','53R0118397\n','51944\n','BIXOLON Printer/./\n',630,NULL),('631REG001','10.201.224.16','Wincor_Nixdorf','BEETLE/M-II','53R0211032\n','51944\n','TH230 USB  /./\n',631,NULL),('631REG002','10.201.224.17','Wincor_Nixdorf','BEETLE/M-II','000000005300700705\n','51944\n','TH230 USB  /./\n',631,NULL),('631REG003','10.201.224.18','Wincor_Nixdorf','BEETLE/M-II','53R0108522\n','51944\n','TH230 USB  /./\n',631,NULL),('632REG001','10.201.224.146','Wincor_Nixdorf','BEETLE/M-II','53R0118322\n','49950\n','TH230 USB  /./\n',632,NULL),('632REG002','10.201.224.147','Wincor_Nixdorf','BEETLE/M-II','53R0108498\n','51944\n','BIXOLON Printer/./\n',632,NULL),('632REG003','10.201.224.148','Wincor_Nixdorf','BEETLE/M-II','53R0108494\n','51944\n','TH230 USB  /./\n',632,NULL),('633REG001','10.201.226.146','Wincor_Nixdorf','BEETLE/M-II','53R0030871\n','51944\n','TH230 USB  /./\n',633,NULL),('633REG002','10.201.226.147','Wincor_Nixdorf','BEETLE/M-II','53R0108487\n','49950\n','TH230 USB  /./\n',633,NULL),('633REG003','10.201.226.148','Wincor_Nixdorf','BEETLE/M-II','000000005300700695\n','49950\n','BIXOLON Printer/./\n',633,NULL),('633REG004','10.201.226.149','NCR','XR4','13-54937778\n','49950\n','NCR POS Printer //\n',633,NULL),('634REG001','10.201.218.16','Wincor_Nixdorf','BEETLE/M-II','53R0177501\n','51944\n','NCR POS Printer //\n',634,NULL),('634REG002','10.201.218.17','Wincor_Nixdorf','BEETLE/M-II','53R0211062\n','51944\n','NCR POS Printer //\n',634,NULL),('634REG003','10.201.218.18','Wincor_Nixdorf','BEETLE/M-II','53R0210406\n','51944\n','',634,NULL),('635REG001','10.201.232.146','Wincor_Nixdorf','BEETLE/M-II','53R0177644\n','51944\n','TH230 USB  /./\n',635,NULL),('635REG002','10.201.232.147','Wincor_Nixdorf','BEETLE/M-II','53R0177492\n','51944\n','NCR POS Printer //\n',635,NULL),('635REG003','10.201.232.148','Wincor_Nixdorf','BEETLE/M-II','53R0177591\n','51944\n','TH230 USB  /./\n',635,NULL),('636REG001','10.201.236.16','Wincor_Nixdorf','BEETLE/M-II','53R0197157\n','51944\n','NCR POS Printer //\n',636,NULL),('636REG002','10.201.236.17','Wincor_Nixdorf','BEETLE/M-II','53R0197189\n','51944\n','NCR POS Printer //\n',636,NULL),('636REG003','10.201.236.18','Wincor_Nixdorf','BEETLE/M-II','53R0197184\n','49950\n','BIXOLON Printer/./\n',636,NULL),('636REG004','10.201.236.19','NCR','XR4','13-54940299\n','49950\n','NCR POS Printer //\n',636,NULL),('637REG001','10.201.237.16','Wincor_Nixdorf','BEETLE/M-III','53R0284870\n','51944\n','BIXOLON Printer/./\n',637,NULL),('637REG002','10.201.237.17','Wincor_Nixdorf','BEETLE/M-II','53R0210321\n','51944\n','NCR POS Printer //\n',637,NULL),('637REG003','10.201.237.18','Wincor_Nixdorf','BEETLE/M-III','53R0274320\n','51944\n','TH230 USB  /./\n',637,NULL),('638REG001','10.201.239.16','Wincor_Nixdorf','BEETLE/M-II','53R0210914\n','51944\n','NCR POS Printer //\n',638,NULL),('638REG002','10.201.239.17','Wincor_Nixdorf','###-------------------------------------','---------------------------------------\n','51944\n','NCR POS Printer //\n',638,NULL),('638REG003','10.201.239.18','Wincor_Nixdorf','BEETLE/M-II','53R0210969\n','49950\n','TH230 USB  /./\n',638,NULL),('639REG001','10.201.241.16','Wincor_Nixdorf','BEETLE/M-II','53R0211031\n','49950\n','TH230 USB  /./\n',639,NULL),('639REG002','10.201.241.17','Wincor_Nixdorf','BEETLE/M-II','53R0211060\n','51944\n','TH230 USB  /./\n',639,NULL),('639REG003','10.201.241.18','Wincor_Nixdorf','BEETLE/M-II','53R0211087\n','51944\n','NCR POS Printer //\n',639,NULL),('640REG001','10.201.243.146','Wincor_Nixdorf','BEETLE/M-III','53R0284147\n','51944\n','BIXOLON Printer/./\n',640,NULL),('640REG002','10.201.243.147','Wincor_Nixdorf','BEETLE/M-III','53R0284207\n','51944\n','BIXOLON Printer/./\n',640,NULL),('640REG003','10.201.243.148','Wincor_Nixdorf','BEETLE/M-III','53R0284146\n','51944\n','BIXOLON Printer/./\n',640,NULL),('641REG001','10.202.59.16','Wincor_Nixdorf','###-------------------------------------','---------------------------------------\n','51944\n','TH230 USB  /./\n',641,NULL),('641REG002','10.202.59.17','Wincor_Nixdorf','BEETLE/M-II','53R0264164\n','51944\n','BIXOLON Printer/./\n',641,NULL),('641REG003','10.202.59.18','Wincor_Nixdorf','BEETLE/M-II','53R0264179\n','51944\n','TH230 USB  /./\n',641,NULL),('641REG004','10.202.59.19','NCR','XR4','13-54940310\n','24866\n','NCR POS Printer //\n',641,NULL),('642REG001','10.202.74.146','Wincor_Nixdorf','BEETLE/M-III','53R0274311\n','51944\n','BIXOLON Printer/./\n',642,NULL),('642REG002','10.202.74.147','Wincor_Nixdorf','BEETLE/M-III','53R0284144\n','49950\n','BIXOLON Printer/./\n',642,NULL),('642REG003','10.202.74.148','Wincor_Nixdorf','BEETLE/M-III','53R0274314\n','49950\n','BIXOLON Printer/./\n',642,NULL),('643REG001','10.202.74.16','Wincor_Nixdorf','BEETLE/M-III','53R0274319\n','51944\n','BIXOLON Printer/./\n',643,NULL),('643REG002','10.202.74.17','Wincor_Nixdorf','BEETLE/M-III','53R0274312\n','49950\n','BIXOLON Printer/./\n',643,NULL),('643REG003','10.202.74.18','Wincor_Nixdorf','BEETLE/M-III','53R0284256\n','51944\n','BIXOLON Printer/./\n',643,NULL),('644REG001','10.202.59.146','Wincor_Nixdorf','###-------------------------------------','---------------------------------------\n','49950\n','NCR POS Printer //\n',644,NULL),('644REG002','10.202.59.147','Wincor_Nixdorf','BEETLE/M-II','53R0197059\n','49950\n','TH230 USB  /./\n',644,NULL),('644REG003','10.202.59.148','Wincor_Nixdorf','BEETLE/M-II','53R0210408\n','49950\n','TH230 USB  /./\n',644,NULL),('645REG001','10.201.216.146','Wincor_Nixdorf','BEETLE/M-II','53R0197179\n','51944\n','TH230 USB  /./\n',645,NULL),('645REG002','10.201.216.147','Wincor_Nixdorf','BEETLE/M-II','53R0197188\n','51944\n','TH230 USB  /./\n',645,NULL),('645REG003','10.201.216.148','Wincor_Nixdorf','BEETLE/M-II','53R0197181\n','51944\n','TH230 USB  /./\n',645,NULL),('645REG004','10.201.216.149','NCR','','xxx-xxxxxxxx\n','49950\n','NCR POS Printer //\n',645,NULL),('646REG001','10.201.217.16','Wincor_Nixdorf','###-------------------------------------','---------------------------------------\n','51944\n','TH230 USB  /./\n',646,NULL),('646REG002','10.201.217.17','Wincor_Nixdorf','BEETLE/M-II','53R0149337\n','51944\n','TH230 USB  /./\n',646,NULL),('646REG003','10.201.217.18','Wincor_Nixdorf','BEETLE/M-II','53R0149325\n','49950\n','NCR POS Printer //\n',646,NULL),('647REG001','10.201.226.16','Wincor_Nixdorf','BEETLE/M-II','53R0124084\n','51944\n','TH230 USB  /./\n',647,NULL),('647REG002','10.201.226.17','Wincor_Nixdorf','BEETLE/M-II','000000005300706433\n','51944\n','TH230 USB  /./\n',647,NULL),('647REG003','10.201.226.18','Wincor_Nixdorf','BEETLE/M-II','53R0151006\n','51944\n','TH230 USB  /./\n',647,NULL),('647REG004','10.201.226.19','Wincor_Nixdorf','BEETLE/M-II','53R0151010\n','51944\n','TH230 USB  /./\n',647,NULL),('648REG001','10.201.237.146','Wincor_Nixdorf','BEETLE/M-II','53R0197055\n','51944\n','NCR POS Printer //\n',648,NULL),('648REG002','10.201.237.147','Wincor_Nixdorf','BEETLE/M-II','53R0197144\n','51944\n','NCR POS Printer //\n',648,NULL),('648REG003','10.201.237.148','Wincor_Nixdorf','BEETLE/M-II','53R0197064\n','51944\n','TH230 USB  /./\n',648,NULL),('648REG004','10.201.237.149','Wincor_Nixdorf','BEETLE/M-II','53R0197024\n','51944\n','BIXOLON Printer/./\n',648,NULL),('648REG005','10.201.237.150','NCR','XR4','13-54940295\n','24866\n','NCR POS Printer //\n',648,NULL),('651REG001','10.201.242.146','Wincor_Nixdorf','BEETLE/M-II','53R0211061\n','51944\n','NCR POS Printer //\n',651,NULL),('651REG002','10.201.242.147','Wincor_Nixdorf','BEETLE/M-II','53R0211030\n','51944\n','NCR POS Printer //\n',651,NULL),('651REG003','10.201.242.148','Wincor_Nixdorf','BEETLE/M-II','53R0211019\n','49950\n','TH230 USB  /./\n',651,NULL),('653REG001','10.202.128.16','Wincor_Nixdorf','BEETLE/M-III','53R0274225\n','49950\n','BIXOLON Printer/./\n',653,NULL),('653REG002','10.202.128.17','Wincor_Nixdorf','BEETLE/M-III','53R0274231\n','51944\n','BIXOLON Printer/./\n',653,NULL),('653REG003','10.202.128.18','Wincor_Nixdorf','BEETLE/M-III','53R0274201\n','51944\n','BIXOLON Printer/./\n',653,NULL),('654REG001','10.202.128.146','Wincor_Nixdorf','BEETLE/M-II','53R0008806\n','51944\n','TH230 USB  /./\n',654,NULL),('654REG002','10.202.128.147','Wincor_Nixdorf','BEETLE/M-II','53R0124163\n','51944\n','NCR POS Printer //\n',654,NULL),('654REG003','10.202.128.148','Wincor_Nixdorf','BEETLE/M-II','53R0210380\n','51944\n','TH230 USB  /./\n',654,NULL),('655REG001','10.202.140.16','Wincor_Nixdorf','BEETLE/M-III','53R0295971\n','49950\n','BIXOLON Printer/./\n',655,NULL),('655REG002','10.202.140.17','Wincor_Nixdorf','BEETLE/M-III','53R0296377\n','51944\n','BIXOLON Printer/./\n',655,NULL),('655REG003','10.202.140.18','Wincor_Nixdorf','BEETLE/M-III','53R0296423\n','51944\n','BIXOLON Printer/./\n',655,NULL),('656REG001','10.202.146.16','NCR','XR4','13-58389399\n','49950\n','NCR POS Printer //\n',656,NULL),('656REG002','10.202.146.17','Wincor_Nixdorf','BEETLE/M-III','53R0296427\n','51944\n','BIXOLON Printer/./\n',656,NULL),('658REG001','10.202.153.146','Wincor_Nixdorf','BEETLE/M-III','53R0303169\n','51944\n','BIXOLON Printer/./\n',658,NULL),('658REG002','10.202.153.147','Wincor_Nixdorf','BEETLE/M-III','53R0303154\n','51944\n','BIXOLON Printer/./\n',658,NULL),('658REG003','10.202.153.148','Wincor_Nixdorf','BEETLE/M-III','53R0303133\n','51944\n','BIXOLON Printer/./\n',658,NULL),('658REG004','10.202.153.149','Wincor_Nixdorf','BEETLE/M-III','53R0274316\n','49950\n','BIXOLON Printer/./\n',658,NULL),('660REG001','10.201.236.146','Wincor_Nixdorf','BEETLE/M-III','53R0274317\n','51944\n','BIXOLON Printer/./\n',660,NULL),('661REG001','10.202.162.146','Wincor_Nixdorf','BEETLE/M-III','53R0303916\n','49950\n','BIXOLON Printer/./\n',661,NULL),('661REG002','10.202.162.147','Wincor_Nixdorf','BEETLE/M-III','53R0303914\n','49950\n','BIXOLON Printer/./\n',661,NULL),('661REG003','10.202.162.148','Wincor_Nixdorf','BEETLE/M-III','53R0274224\n','49950\n','BIXOLON Printer/./\n',661,NULL),('661REG004','10.202.162.149','NCR','XR4','13-58384718\n','49950\n','NCR POS Printer //\n',661,NULL),('662REG001','10.202.186.16','Wincor_Nixdorf','BEETLE/M-III','53R0284899\n','51944\n','BIXOLON Printer/./\n',662,NULL),('662REG002','10.202.186.17','Wincor_Nixdorf','BEETLE/M-III','53R0296420\n','51944\n','BIXOLON Printer/./\n',662,NULL),('662REG003','10.202.186.18','Wincor_Nixdorf','BEETLE/M-III','53R0274173\n','51944\n','BIXOLON Printer/./\n',662,NULL),('663REG001','10.202.194.16','Wincor_Nixdorf','BEETLE/M-III','53R0284257\n','51944\n','BIXOLON Printer/./\n',663,NULL),('663REG002','10.202.194.17','Wincor_Nixdorf','BEETLE/M-II','53R0211034\n','51944\n','NCR POS Printer //\n',663,NULL),('663REG003','10.202.194.18','Wincor_Nixdorf','BEETLE/M-III','53R0284866\n','51944\n','BIXOLON Printer/./\n',663,NULL),('824REG001','10.202.43.16','Wincor_Nixdorf','BEETLE/M-II','53R0237219\n','51944\n','TH230 USB  /./\n',824,NULL),('824REG002','10.202.43.17','Wincor_Nixdorf','BEETLE/M-II','53R0211256\n','51944\n','TH230 USB  /./\n',824,NULL),('824REG003','10.202.43.18','Wincor_Nixdorf','BEETLE/M-II','53R0237147\n','49950\n','TH230 USB  /./\n',824,NULL),('824REG004','10.202.43.19','Wincor_Nixdorf','BEETLE/M-II','53R0149344\n','05593\n','TH230 USB  /./\n',824,NULL),('825REG001','10.202.35.16','Wincor_Nixdorf','BEETLE/M-II','53R0152984\n','49950\n','BIXOLON Printer/./\n',825,NULL),('825REG002','10.202.35.17','Wincor_Nixdorf','###-------------------------------------','---------------------------------------\n','51944\n','BIXOLON Printer/./\n',825,NULL),('825REG003','10.202.35.18','Wincor_Nixdorf','BEETLE/M-II','53R0108523\n','51944\n','NCR POS Printer //\n',825,NULL),('825REG004','10.202.35.19','Wincor_Nixdorf','BEETLE/M-III','53R0274175\n','51944\n','BIXOLON Printer/./\n',825,NULL),('826REG001','10.202.36.16','Wincor_Nixdorf','BEETLE/M-II','53R0149343\n','51944\n','TH230 USB  /./\n',826,NULL),('826REG002','10.202.36.17','Wincor_Nixdorf','BEETLE/M-II','53R0264121\n','51944\n','TH230 USB  /./\n',826,NULL),('826REG003','10.202.36.18','Wincor_Nixdorf','BEETLE/M-II','53R0237090\n','51944\n','TH230 USB  /./\n',826,NULL),('826REG004','10.202.36.19','Wincor_Nixdorf','','','','',826,NULL),('827REG001','10.202.36.146','Wincor_Nixdorf','BEETLE/M-II','53R0008745\n','51944\n','TH230 USB  /./\n',827,NULL),('827REG002','10.202.36.147','Wincor_Nixdorf','BEETLE/M-II','53R0211258\n','51944\n','TH230 USB  /./\n',827,NULL),('827REG003','10.202.36.148','Wincor_Nixdorf','BEETLE/M-II','53R0254134\n','51944\n','TH230 USB  /./\n',827,NULL),('827REG004','10.202.36.149','Wincor_Nixdorf','BEETLE/M-II','53R0197201\n','51944\n','TH230 USB  /./\n',827,NULL),('827REG005','10.202.36.150','Wincor_Nixdorf','BEETLE/M-II','53R0200676\n','49950\n','TH230 USB  /./\n',827,NULL),('828REG001','10.202.37.16','Wincor_Nixdorf','BEETLE/M-II','53R0197080\n','51944\n','TH230 USB  /./\n',828,NULL),('828REG002','10.202.37.17','Wincor_Nixdorf','BEETLE/M-II','53R0124103\n','51944\n','TH230 USB  /./\n',828,NULL),('828REG003','10.202.37.18','Wincor_Nixdorf','BEETLE/M-II','53R0094331\n','51944\n','NCR POS Printer //\n',828,NULL),('828REG004','10.202.37.19','Wincor_Nixdorf','BEETLE/M-II','53R0200671\n','51944\n','TH230 USB  /./\n',828,NULL),('829REG001','10.202.37.146','Wincor_Nixdorf','BEETLE/M-II','53R0008721\n','51944\n','TH230 USB  /./\n',829,NULL),('829REG002','10.202.37.147','Wincor_Nixdorf','BEETLE/M-II','53R0094330\n','51944\n','TH230 USB  /./\n',829,NULL),('829REG003','10.202.37.148','Wincor_Nixdorf','BEETLE/M-II','53R0124144\n','51944\n','TH230 USB  /./\n',829,NULL),('830REG001','10.202.38.16','Wincor_Nixdorf','BEETLE/M-II','53R0149321\n','49950\n','TH230 USB  /./\n',830,NULL),('830REG002','10.202.38.17','Wincor_Nixdorf','BEETLE/M-II','53R0149341\n','51944\n','TH230 USB  /./\n',830,NULL),('830REG003','10.202.38.18','Wincor_Nixdorf','BEETLE/M-II','53R0149397\n','51944\n','TH230 USB  /./\n',830,NULL),('831REG001','10.202.38.146','Wincor_Nixdorf','###-------------------------------------','---------------------------------------\n','51944\n','TH230 USB  /./\n',831,NULL),('831REG002','10.202.38.147','Wincor_Nixdorf','BEETLE/M-II','53R0118359\n','49950\n','TH230 USB  /./\n',831,NULL),('831REG003','10.202.38.148','Wincor_Nixdorf','BEETLE/M-II','53R0149374\n','51944\n','TH230 USB  /./\n',831,NULL),('831REG004','10.202.38.149','NCR','XR4','30-53506855\n','24866\n','NCR POS Printer //\n',831,NULL),('832REG001','10.202.40.16','Wincor_Nixdorf','BEETLE/M-II','53R0153160\n','51944\n','NCR POS Printer //\n',832,NULL),('832REG002','10.202.40.17','Wincor_Nixdorf','BEETLE/M-II','53R0153040\n','51944\n','TH230 USB  /./\n',832,NULL),('832REG003','10.202.40.18','Wincor_Nixdorf','BEETLE/M-II','53R0153158\n','51944\n','TH230 USB  /./\n',832,NULL),('832REG004','10.202.40.19','Wincor_Nixdorf','BEETLE/M-II','53R0005985\n','49950\n','NCR POS Printer //\n',832,NULL),('833REG001','10.202.40.146','Wincor_Nixdorf','BEETLE/M-II','53R0177694\n','51944\n','BIXOLON Printer/./\n',833,NULL),('833REG002','10.202.40.147','Wincor_Nixdorf','BEETLE/M-II','53R0177692\n','51944\n','BIXOLON Printer/./\n',833,NULL),('833REG003','10.202.40.148','Wincor_Nixdorf','BEETLE/M-II','53R0177685\n','49950\n','BIXOLON Printer/./\n',833,NULL),('833REG004','10.202.40.149','Wincor_Nixdorf','BEETLE/M-II','53R0197258\n','49950\n','NCR POS Printer //\n',833,NULL),('833REG005','10.202.40.150','Wincor_Nixdorf','BEETLE/M-II','53R0197083\n','51944\n','NCR POS Printer //\n',833,NULL),('834REG001','10.202.41.146','Wincor_Nixdorf','BEETLE/M-II','53R0211304\n','51944\n','NCR POS Printer //\n',834,NULL),('834REG002','10.202.41.147','Wincor_Nixdorf','BEETLE/M-II','53R0211255\n','51944\n','TH230 USB  /./\n',834,NULL),('834REG003','10.202.41.148','Wincor_Nixdorf','BEETLE/M-II','53R0211286\n','49950\n','TH230 USB  /./\n',834,NULL),('835REG001','10.202.42.146','Wincor_Nixdorf','BEETLE/M-II','53R0237255\n','51944\n','NCR POS Printer //\n',835,NULL),('835REG002','10.202.42.147','Wincor_Nixdorf','BEETLE/M-II','53R0211263\n','51944\n','TH230 USB  /./\n',835,NULL),('835REG003','10.202.42.148','Wincor_Nixdorf','BEETLE/M-II','53R0197092\n','51944\n','TH230 USB  /./\n',835,NULL),('835REG004','10.202.42.149','Wincor_Nixdorf','BEETLE/M-II','53R0118346\n','51944\n','TH230 USB  /./\n',835,NULL),('836REG001','10.202.44.16','Wincor_Nixdorf','BEETLE/M-II','53R0149324\n','49950\n','TH230 USB  /./\n',836,NULL),('836REG002','10.202.44.17','Wincor_Nixdorf','BEETLE/M-II','53R0177536\n','49950\n','TH230 USB  /./\n',836,NULL),('836REG003','10.202.44.18','Wincor_Nixdorf','BEETLE/M-II','53R0118395\n','51944\n','TH230 USB  /./\n',836,NULL),('837REG002','10.202.44.147','Wincor_Nixdorf','BEETLE/M-II','53R0177647\n','51944\n','TH230 USB  /./\n',837,NULL),('837REG003','10.202.44.148','Wincor_Nixdorf','BEETLE/M-II','53R0237194\n','51944\n','TH230 USB  /./\n',837,NULL),('837REG004','10.202.44.149','Wincor_Nixdorf','BEETLE/M-II','53R0210486\n','51944\n','TH230 USB  /./\n',837,NULL),('838REG001','10.202.45.16','Wincor_Nixdorf','BEETLE/M-II','53R0094335\n','51944\n','TH230 USB  /./\n',838,NULL),('838REG002','10.202.45.17','Wincor_Nixdorf','BEETLE/M-II','53R0094354\n','51944\n','TH230 USB  /./\n',838,NULL),('839REG001','10.202.45.146','Wincor_Nixdorf','','','','',839,NULL),('839REG002','10.202.45.147','Wincor_Nixdorf','BEETLE/M-II','53R0264119\n','51944\n','TH230 USB  /./\n',839,NULL),('839REG003','10.202.45.148','Wincor_Nixdorf','BEETLE/M-II','53R0124153\n','51944\n','VALIDAR MANUAL\n',839,NULL),('840REG001','10.202.46.16','Wincor_Nixdorf','BEETLE/M-II','53R0197203\n','51944\n','TH230 USB  /./\n',840,NULL),('840REG002','10.202.46.17','Wincor_Nixdorf','BEETLE/M-II','53R0118344\n','51944\n','TH230 USB  /./\n',840,NULL),('840REG003','10.202.46.18','Wincor_Nixdorf','BEETLE/M-II','53R0118329\n','51944\n','TH230 USB  /./\n',840,NULL),('841REG001','10.202.46.146','Wincor_Nixdorf','BEETLE/M-II','53R0118382\n','51944\n','NCR POS Printer //\n',841,NULL),('841REG002','10.202.46.147','Wincor_Nixdorf','BEETLE/M-II','53R0118364\n','51944\n','TH230 USB  /./\n',841,NULL),('841REG003','10.202.46.148','Wincor_Nixdorf','BEETLE/M-II','53R0177583\n','51944\n','TH230 USB  /./\n',841,NULL),('841REG004','10.202.46.149','NCR','XR4','13-54940383\n','24866\n','NCR POS Printer //\n',841,NULL),('842REG001','10.202.47.16','Wincor_Nixdorf','BEETLE/M-II','53R0151086\n','49950\n','TH230 USB  /./\n',842,NULL),('842REG002','10.202.47.17','Wincor_Nixdorf','BEETLE/M-II','53R0151049\n','51944\n','TH230 USB  /./\n',842,NULL),('842REG003','10.202.47.18','Wincor_Nixdorf','BEETLE/M-II','53R0151039\n','51944\n','TH230 USB  /./\n',842,NULL),('843REG001','10.202.47.146','Wincor_Nixdorf','BEETLE/M-II','53R0177621\n','51944\n','BIXOLON Printer/./\n',843,NULL),('843REG002','10.202.47.147','Wincor_Nixdorf','BEETLE/M-II','53R0211001\n','51944\n','TH230 USB  /./\n',843,NULL),('843REG003','10.202.47.148','Wincor_Nixdorf','BEETLE/M-II','53R0210951\n','51944\n','TH230 USB  /./\n',843,NULL),('844REG001','10.202.48.16','Wincor_Nixdorf','BEETLE/M-II','53R0254137\n','51944\n','TH230 USB  /./\n',844,NULL),('844REG002','10.202.48.17','Wincor_Nixdorf','BEETLE/M-II','53R0254136\n','51944\n','TH230 USB  /./\n',844,NULL),('844REG003','10.202.48.18','Wincor_Nixdorf','BEETLE/M-II','53R0254142\n','51944\n','TH230 USB  /./\n',844,NULL),('845REG001','10.202.48.146','Wincor_Nixdorf','BEETLE/M-II','000000005300706444\n','51944\n','TH230 USB  /./\n',845,NULL),('845REG002','10.202.48.147','Wincor_Nixdorf','###-------------------------------------','---------------------------------------\n','51944\n','NCR POS Printer //\n',845,NULL),('845REG003','10.202.48.148','Wincor_Nixdorf','BEETLE/M-II','53R0124152\n','51944\n','TH230 USB  /./\n',845,NULL),('846REG001','10.202.50.16','Wincor_Nixdorf','BEETLE/M-II','53R0149336\n','51944\n','TH230 USB  /./\n',846,NULL),('846REG002','10.202.50.17','Wincor_Nixdorf','BEETLE/M-II','53R0153035\n','51944\n','TH230 USB  /./\n',846,NULL),('846REG003','10.202.50.18','Wincor_Nixdorf','BEETLE/M-II','53R0149398\n','51944\n','TH230 USB  /./\n',846,NULL),('847REG001','10.202.50.146','Wincor_Nixdorf','BEETLE/M-II','53R0153013\n','51944\n','TH230 USB  /./\n',847,NULL),('847REG002','10.202.50.147','Wincor_Nixdorf','BEETLE/M-II','53R0254117\n','51944\n','TH230 USB  /./\n',847,NULL),('849REG001','10.202.52.16','Wincor_Nixdorf','BEETLE/M-II','53R0177756\n','51944\n','TH230 USB  /./\n',849,NULL),('849REG002','10.202.52.17','Wincor_Nixdorf','BEETLE/M-II','53R0197077\n','51944\n','TH230 USB  /./\n',849,NULL),('849REG003','10.202.52.18','Wincor_Nixdorf','','53R0177754\n','51944\n','TH230 USB  /./\n',849,NULL),('849REG004','10.202.52.19','NCR','XR4','13-54937615\n','49950\n','NCR POS Printer //\n',849,NULL),('850REG001','10.202.53.16','Wincor_Nixdorf','BEETLE/M-II','53R0118330\n','51944\n','TH230 USB  /./\n',850,NULL),('850REG002','10.202.53.17','Wincor_Nixdorf','BEETLE/M-II','53R0177505\n','51944\n','TH230 USB  /./\n',850,NULL),('850REG003','10.202.53.18','Wincor_Nixdorf','BEETLE/M-II','53R0264103\n','51944\n','TH230 USB  /./\n',850,NULL),('851REG001','10.202.62.16','Wincor_Nixdorf','BEETLE/M-II','53R0177551\n','51944\n','TH230 USB  /./\n',851,NULL),('851REG002','10.202.62.17','Wincor_Nixdorf','BEETLE/M-II','53R0264145\n','49950\n','TH230 USB  /./\n',851,NULL),('851REG003','10.202.62.18','Wincor_Nixdorf','BEETLE/M-II','53R0254112\n','51944\n','TH230 USB  /./\n',851,NULL),('852REG001','10.202.81.146','Wincor_Nixdorf','BEETLE/M-II','53R0254113\n','51944\n','TH230 USB  /./\n',852,NULL),('852REG002','10.202.81.147','Wincor_Nixdorf','BEETLE/M-II','53R0254123\n','51944\n','TH230 USB  /./\n',852,NULL),('852REG003','10.202.81.148','Wincor_Nixdorf','BEETLE/M-II','53R0197212\n','49950\n','TH230 USB  /./\n',852,NULL),('853REG001','10.202.82.16','Wincor_Nixdorf','BEETLE/M-II','53R0264187\n','51944\n','TH230 USB  /./\n',853,NULL),('853REG002','10.202.82.17','Wincor_Nixdorf','BEETLE/M-II','53R0153002\n','49950\n','TH230 USB  /./\n',853,NULL),('853REG003','10.202.82.18','Wincor_Nixdorf','BEETLE/M-II','53R0118356\n','51944\n','TH230 USB  /./\n',853,NULL),('854REG001','10.202.82.146','Wincor_Nixdorf','BEETLE/M-III','53R0274297\n','51944\n','BIXOLON Printer/./\n',854,NULL),('854REG002','10.202.82.147','Wincor_Nixdorf','BEETLE/M-III','53R0274256\n','49950\n','BIXOLON Printer/./\n',854,NULL),('854REG003','10.202.82.148','Wincor_Nixdorf','BEETLE/M-III','53R0274282\n','49950\n','BIXOLON Printer/./\n',854,NULL),('855REG001','10.202.83.16','Wincor_Nixdorf','BEETLE/M-III','53R0284848\n','51944\n','NCR POS Printer //\n',855,NULL),('855REG002','10.202.83.17','Wincor_Nixdorf','BEETLE/M-III','53R0284345\n','49950\n','BIXOLON Printer/./\n',855,NULL),('855REG003','10.202.83.18','Wincor_Nixdorf','BEETLE/M-III','53R0297144\n','51944\n','BIXOLON Printer/./\n',855,NULL),('856REG001','10.202.89.16','Wincor_Nixdorf','BEETLE/M-III','53R0284898\n','49950\n','BIXOLON Printer/./\n',856,NULL),('856REG002','10.202.89.17','Wincor_Nixdorf','BEETLE/M-III','53R0274193\n','49950\n','BIXOLON Printer/./\n',856,NULL),('856REG003','10.202.89.18','Wincor_Nixdorf','BEETLE/M-III','53R0274257\n','51944\n','BIXOLON Printer/./\n',856,NULL),('857REG001','10.202.92.146','Wincor_Nixdorf','BEETLE/M-III','53R0274334\n','49950\n','NCR POS Printer //\n',857,NULL),('857REG002','10.202.92.147','Wincor_Nixdorf','BEETLE/M-III','53R0274284\n','49950\n','BIXOLON Printer/./\n',857,NULL),('857REG003','10.202.92.148','Wincor_Nixdorf','BEETLE/M-II','53R0124085\n','49950\n','BIXOLON Printer/./\n',857,NULL),('857REG004','10.202.92.149','Wincor_Nixdorf','BEETLE/M-III','53R0284876\n','49950\n','NCR POS Printer //\n',857,NULL),('857REG005','10.202.92.150','Wincor_Nixdorf','BEETLE/M-II','53R0124082\n','49950\n','NCR POS Printer //\n',857,NULL),('858REG001','10.202.93.146','Wincor_Nixdorf','BEETLE/M-III','53R0284850\n','51944\n','BIXOLON Printer/./\n',858,NULL),('858REG002','10.202.93.147','Wincor_Nixdorf','BEETLE/M-III','53R0274254\n','51944\n','BIXOLON Printer/./\n',858,NULL),('858REG003','10.202.93.148','Wincor_Nixdorf','BEETLE/M-III','53R0274258\n','51944\n','BIXOLON Printer/./\n',858,NULL),('860REG001','10.202.113.146','Wincor_Nixdorf','BEETLE/M-II','53R0211059\n','49950\n','BIXOLON Printer/./\n',860,NULL),('860REG002','10.202.113.147','Wincor_Nixdorf','BEETLE/M-III','53R0284844\n','49950\n','BIXOLON Printer/./\n',860,NULL),('860REG003','10.202.113.148','Wincor_Nixdorf','BEETLE/M-III','53R0284260\n','51944\n','BIXOLON Printer/./\n',860,NULL),('860REG004','10.202.113.149','Wincor_Nixdorf','BEETLE/M-III','53R0284846\n','51944\n','BIXOLON Printer/./\n',860,NULL),('861REG001','10.202.118.16','Wincor_Nixdorf','BEETLE/M-III','53R0284842\n','51944\n','BIXOLON Printer/./\n',861,NULL),('861REG002','10.202.118.17','Wincor_Nixdorf','BEETLE/M-III','53R0274286\n','51944\n','BIXOLON Printer/./\n',861,NULL),('861REG003','10.202.118.18','Wincor_Nixdorf','BEETLE/M-III','53R0274301\n','49950\n','BIXOLON Printer/./\n',861,NULL),('862REG001','10.201.134.146','Wincor_Nixdorf','BEETLE/M-II','53R0030852\n','51944\n','TH230 USB  /./\n',862,NULL),('862REG002','10.201.134.147','Wincor_Nixdorf','BEETLE/M-III','53R0297170\n','51944\n','NCR POS Printer //\n',862,NULL),('862REG003','10.201.134.148','NCR','XR4','13-54940376\n','49950\n','NCR POS Printer //\n',862,NULL),('863REG001','10.201.136.146','Wincor_Nixdorf','BEETLE/M-II','53R0094333\n','51944\n','TH230 USB  /./\n',863,NULL),('863REG002','10.201.136.147','Wincor_Nixdorf','BEETLE/M-II','53R0094351\n','51944\n','TH230 USB  /./\n',863,NULL),('863REG003','10.201.136.148','Wincor_Nixdorf','BEETLE/M-II','53R0177510\n','51944\n','TH230 USB  /./\n',863,NULL),('864REG001','10.201.137.146','Wincor_Nixdorf','BEETLE/M-II','53R0124166\n','51944\n','TH230 USB  /./\n',864,NULL),('864REG002','10.201.137.147','Wincor_Nixdorf','BEETLE/M-II','53R0108477\n','51944\n','TH230 USB  /./\n',864,NULL),('864REG003','10.201.137.148','NCR','XR4','13-54940224\n','49950\n','NCR POS Printer //\n',864,NULL),('865REG001','10.201.141.146','Wincor_Nixdorf','BEETLE/M-II','53R0264142\n','51944\n','TH230 USB  /./\n',865,NULL),('865REG002','10.201.141.147','Wincor_Nixdorf','BEETLE/M-II','53R0118387\n','51944\n','TH230 USB  /./\n',865,NULL),('866REG001','10.201.146.16','Wincor_Nixdorf','BEETLE/M-II','53R0153016\n','51944\n','TH230 USB  /./\n',866,NULL),('866REG002','10.201.146.17','Wincor_Nixdorf','BEETLE/M-II','53R0153005\n','51944\n','TH230 USB  /./\n',866,NULL),('867REG001','10.201.149.16','Wincor_Nixdorf','BEETLE/M-II','53R0177650\n','51944\n','TH230 USB  /./\n',867,NULL),('867REG002','10.201.149.17','Wincor_Nixdorf','BEETLE/M-II','53R0177646\n','51944\n','TH230 USB  /./\n',867,NULL),('867REG003','10.201.149.18','Wincor_Nixdorf','BEETLE/M-II','53R0177690\n','51944\n','NCR POS Printer //\n',867,NULL),('868REG001','10.201.153.146','Wincor_Nixdorf','BEETLE/M-II','53R0197110\n','49950\n','NCR POS Printer //\n',868,NULL),('868REG002','10.201.153.147','Wincor_Nixdorf','BEETLE/M-II','53R0197075\n','51944\n','TH230 USB  /./\n',868,NULL),('868REG003','10.201.153.148','Wincor_Nixdorf','BEETLE/M-II','53R0197079\n','51944\n','TH230 USB  /./\n',868,NULL),('869REG001','10.201.163.16','Wincor_Nixdorf','BEETLE/M-II','53R0211277\n','51944\n','TH230 USB  /./\n',869,NULL),('869REG002','10.201.163.17','Wincor_Nixdorf','BEETLE/M-II','53R0211278\n','51944\n','TH230 USB  /./\n',869,NULL),('869REG003','10.201.163.18','Wincor_Nixdorf','BEETLE/M-II','53R0177535\n','51944\n','TH230 USB  /./\n',869,NULL),('870REG001','10.202.84.146','Wincor_Nixdorf','BEETLE/M-III','53R0284917\n','51944\n','BIXOLON Printer/./\n',870,NULL),('870REG002','10.202.84.147','Wincor_Nixdorf','BEETLE/M-III','53R0284908\n','51944\n','BIXOLON Printer/./\n',870,NULL),('870REG003','10.202.84.148','Wincor_Nixdorf','BEETLE/M-III','53R0284906\n','51944\n','BIXOLON Printer/./\n',870,NULL),('870REG004','10.202.84.149','Wincor_Nixdorf','BEETLE/M-III','53R0284918\n','51944\n','BIXOLON Printer/./\n',870,NULL),('871REG001','10.202.99.146','Wincor_Nixdorf','BEETLE/M-III','53R0284905\n','51944\n','BIXOLON Printer/./\n',871,NULL),('871REG002','10.202.99.147','Wincor_Nixdorf','BEETLE/M-III','53R0284904\n','49950\n','BIXOLON Printer/./\n',871,NULL),('871REG003','10.202.99.148','Wincor_Nixdorf','BEETLE/M-III','53R0284909\n','51944\n','BIXOLON Printer/./\n',871,NULL),('872REG001','10.202.49.146','Wincor_Nixdorf','BEETLE/M-II','53R0030887\n','51944\n','TH230 USB  /./\n',872,NULL),('872REG002','10.202.49.147','Wincor_Nixdorf','BEETLE/M-II','53R0030919\n','49950\n','TH230 USB  /./\n',872,NULL),('872REG003','10.202.49.148','Wincor_Nixdorf','BEETLE/M-II','53R0149338\n','49950\n','TH230 USB  /./\n',872,NULL),('872REG004','10.202.49.149','Wincor_Nixdorf','BEETLE/M-II','53R0264188\n','51944\n','TH230 USB  /./\n',872,NULL),('873REG001','10.202.49.16','Wincor_Nixdorf','BEETLE/M-II','53R0197105\n','51944\n','TH230 USB  /./\n',873,NULL),('873REG002','10.202.49.17','Wincor_Nixdorf','BEETLE/M-II','53R0008780\n','51944\n','TH230 USB  /./\n',873,NULL),('873REG003','10.202.49.18','Wincor_Nixdorf','BEETLE/M-II','53R0210463\n','51944\n','TH230 USB  /./\n',873,NULL),('874REG001','10.202.51.16','Wincor_Nixdorf','BEETLE/M-II','53R0118394\n','51944\n','TH230 USB  /./\n',874,NULL),('874REG002','10.202.51.17','Wincor_Nixdorf','BEETLE/M-II','53R0152987\n','51944\n','TH230 USB  /./\n',874,NULL),('874REG003','10.202.51.18','Wincor_Nixdorf','BEETLE/M-II','53R0152959\n','51944\n','TH230 USB  /./\n',874,NULL),('875REG001','10.202.51.146','Wincor_Nixdorf','###-------------------------------------','---------------------------------------\n','51944\n','TH230 USB  /./\n',875,NULL),('875REG002','10.202.51.147','Wincor_Nixdorf','BEETLE/M-II','53R0149317\n','49950\n','TH230 USB  /./\n',875,NULL),('875REG003','10.202.51.149','Wincor_Nixdorf','BEETLE/M-II','53R0149318\n','49950\n','TH230 USB  /./\n',875,NULL),('877REG001','10.201.218.146','Wincor_Nixdorf','BEETLE/M-II','000000005300706443\n','51944\n','TH230 USB  /./\n',877,NULL),('877REG002','10.201.218.147','Wincor_Nixdorf','BEETLE/M-II','53R0149323\n','51944\n','TH230 USB  /./\n',877,NULL),('878REG001','10.201.219.16','Wincor_Nixdorf','BEETLE/M-II','53R0030873\n','51944\n','TH230 USB  /./\n',878,NULL),('878REG002','10.201.219.17','Wincor_Nixdorf','BEETLE/M-II','53R0118323\n','51944\n','TH230 USB  /./\n',878,NULL),('878REG003','10.201.219.18','NCR','XR4','13-54937646\n','49950\n','NCR POS Printer //\n',878,NULL),('879REG001','10.201.130.146','Wincor_Nixdorf','BEETLE/M-II','000000005300700718\n','51944\n','TH230 USB  /./\n',879,NULL),('879REG002','10.201.130.147','Wincor_Nixdorf','BEETLE/M-II','53R0124149\n','51944\n','TH230 USB  /./\n',879,NULL),('880REG001','10.201.221.146','Wincor_Nixdorf','BEETLE/M-II','53R0177504\n','51944\n','TH230 USB  /./\n',880,NULL),('880REG002','10.201.221.147','Wincor_Nixdorf','BEETLE/M-II','53R0030854\n','51944\n','TH230 USB  /./\n',880,NULL),('881REG001','10.201.222.146','Wincor_Nixdorf','BEETLE/M-II','53R0094329\n','51944\n','TH230 USB  /./\n',881,NULL),('881REG002','10.201.222.147','Wincor_Nixdorf','BEETLE/M-II','53R0094383\n','51944\n','TH230 USB  /./\n',881,NULL),('882REG001','10.201.225.146','Wincor_Nixdorf','BEETLE/M-II','53R0124098\n','51944\n','TH230 USB  /./\n',882,NULL),('882REG002','10.201.225.147','Wincor_Nixdorf','BEETLE/M-II','53R0124096\n','51944\n','TH230 USB  /./\n',882,NULL),('882REG003','10.201.225.148','Wincor_Nixdorf','BEETLE/M-II','53R0177512\n','51944\n','TH230 USB  /./\n',882,NULL),('884REG001','10.201.144.16','Wincor_Nixdorf','BEETLE/M-II','53R0149319\n','51944\n','TH230 USB  /./\n',884,NULL),('884REG002','10.201.144.17','Wincor_Nixdorf','BEETLE/M-II','000000005300700740\n','51944\n','TH230 USB  /./\n',884,NULL),('884REG003','10.201.144.148','Wincor_Nixdorf','','53R0274221\n','51944\n','BIXOLON Printer/./\n',884,NULL),('885REG001','10.201.216.16','Wincor_Nixdorf','BEETLE/M-II','53R0151034\n','49950\n','TH230 USB  /./\n',885,NULL),('885REG002','10.201.216.17','Wincor_Nixdorf','BEETLE/M-II','53R0151009\n','51944\n','TH230 USB  /./\n',885,NULL),('886REG001','10.201.143.146','Wincor_Nixdorf','BEETLE/M-II','53R0151084\n','51944\n','NCR POS Printer //\n',886,NULL),('886REG002','10.201.143.147','Wincor_Nixdorf','BEETLE/M-II','53R0151051\n','51944\n','TH230 USB  /./\n',886,NULL),('886REG003','10.201.143.148','Wincor_Nixdorf','BEETLE/M-II','53R0152990\n','51944\n','TH230 USB  /./\n',886,NULL),('887REG001','10.201.144.146','Wincor_Nixdorf','BEETLE/M-III','53R0274276\n','51944\n','BIXOLON Printer/./\n',887,NULL),('887REG002','10.201.144.147','Wincor_Nixdorf','BEETLE/M-III','53R0274277\n','51944\n','BIXOLON Printer/./\n',887,NULL),('887REG003','10.201.144.148','Wincor_Nixdorf','BEETLE/M-III','53R0274221\n','51944\n','BIXOLON Printer/./\n',887,NULL),('888REG001','10.201.230.146','Wincor_Nixdorf','BEETLE/M-II','53R0153007\n','51944\n','TH230 USB  /./\n',888,NULL),('888REG002','10.201.230.147','Wincor_Nixdorf','BEETLE/M-II','53R0153217\n','51944\n','TH230 USB  /./\n',888,NULL),('888REG003','10.201.230.148','Wincor_Nixdorf','###-------------------------------------','---------------------------------------\n','51944\n','TH230 USB  /./\n',888,NULL),('888REG004','10.201.230.149','Wincor_Nixdorf','BEETLE/M-II','53R0005993\n','51944\n','TH230 USB  /./\n',888,NULL),('889REG001','10.201.231.146','Wincor_Nixdorf','BEETLE/M-II','53R0153194\n','51944\n','TH230 USB  /./\n',889,NULL),('889REG002','10.201.231.147','Wincor_Nixdorf','BEETLE/M-II','53R0153156\n','51944\n','TH230 USB  /./\n',889,NULL),('889REG003','10.201.231.148','Wincor_Nixdorf','BEETLE/M-II','53R0008620\n','51944\n','NCR POS Printer //\n',889,NULL),('890REG001','10.201.151.16','NCR','XR4','13-54940023\n','49950\n','NCR POS Printer //\n',890,NULL),('890REG002','10.201.151.17','NCR','XR4','13-54937617\n','49950\n','NCR POS Printer //\n',890,NULL),('891REG001','10.201.151.146','Wincor_Nixdorf','BEETLE/M-II','53R0177645\n','51944\n','TH230 USB  /./\n',891,NULL),('891REG002','10.201.151.147','Wincor_Nixdorf','BEETLE/M-II','53R0177649\n','51944\n','NCR POS Printer //\n',891,NULL),('891REG003','10.201.151.148','Wincor_Nixdorf','BEETLE/M-II','53R0177550\n','51944\n','TH230 USB  /./\n',891,NULL),('893REG001','10.201.141.16','Wincor_Nixdorf','BEETLE/M-II','53R0200674\n','51944\n','TH230 USB  /./\n',893,NULL),('893REG002','10.201.141.17','Wincor_Nixdorf','BEETLE/M-II','53R0200669\n','51944\n','NCR POS Printer //\n',893,NULL),('893REG003','10.201.141.18','Wincor_Nixdorf','BEETLE/M-II','53R0200668\n','51944\n','TH230 USB  /./\n',893,NULL),('893REG004','10.201.141.19','NCR','','','','',893,NULL),('894REG001','10.201.155.146','Wincor_Nixdorf','BEETLE/M-II','53R0197084\n','51944\n','NCR POS Printer //\n',894,NULL),('894REG002','10.201.155.147','Wincor_Nixdorf','BEETLE/M-II','53R0197085\n','51944\n','TH230 USB  /./\n',894,NULL),('895REG001','10.201.157.16','Wincor_Nixdorf','BEETLE/M-II','53R0210325\n','51944\n','TH230 USB  /./\n',895,NULL),('895REG002','10.201.157.17','Wincor_Nixdorf','BEETLE/M-II','000000005300713694\n','51944\n','TH230 USB  /./\n',895,NULL),('896REG001','10.201.238.146','Wincor_Nixdorf','BEETLE/M-II','53R0118392\n','49950\n','NCR POS Printer //\n',896,NULL),('896REG002','10.201.238.147','Wincor_Nixdorf','BEETLE/M-II','53R0210345\n','49950\n','TH230 USB  /./\n',896,NULL),('896REG003','10.201.238.148','Wincor_Nixdorf','BEETLE/M-II','53R0177527\n','49950\n','TH230 USB  /./\n',896,NULL),('896REG004','10.201.238.149','Wincor_Nixdorf','BEETLE/M-II','53R0210374\n','49950\n','NCR POS Printer //\n',896,NULL),('896REG005','10.201.238.150','NCR','XR4','13-54940202\n','49950\n','NCR POS Printer //\n',896,NULL),('897REG001','10.201.240.146','Wincor_Nixdorf','BEETLE/M-II','53R0005990\n','49950\n','TH230 USB  /./\n',897,NULL),('897REG002','10.201.240.147','Wincor_Nixdorf','BEETLE/M-II','53R0151016\n','49950\n','TH230 USB  /./\n',897,NULL),('897REG003','10.201.240.148','NCR','XR4','13-54940379\n','49950\n','NCR POS Printer //\n',897,NULL),('899REG001','10.201.169.146','Wincor_Nixdorf','BEETLE/M-II','53R0254110\n','51944\n','TH230 USB  /./\n',899,NULL),('899REG002','10.201.169.147','Wincor_Nixdorf','BEETLE/M-II','53R0254139\n','51944\n','TH230 USB  /./\n',899,NULL),('901REG001','10.202.67.16','Wincor_Nixdorf','BEETLE/M-II','53R0264108\n','51944\n','NCR POS Printer //\n',901,NULL),('901REG002','10.202.67.17','Wincor_Nixdorf','BEETLE/M-II','53R0094328\n','51944\n','TH230 USB  /./\n',901,NULL),('901REG003','10.202.67.18','NCR','XR4','13-54939986\n','49950\n','NCR POS Printer //\n',901,NULL),('902REG001','10.202.68.146','Wincor_Nixdorf','BEETLE/M-II','53R0210341\n','51944\n','TH230 USB  /./\n',902,NULL),('902REG002','10.202.68.147','Wincor_Nixdorf','BEETLE/M-III','53R0274243\n','51944\n','BIXOLON Printer/./\n',902,NULL),('902REG003','10.202.68.148','Wincor_Nixdorf','BEETLE/M-III','53R0284168\n','51944\n','NCR POS Printer //\n',902,NULL),('903REG001','10.202.75.146','Wincor_Nixdorf','BEETLE/M-III','53R0297107\n','51944\n','BIXOLON Printer/./\n',903,NULL),('903REG002','10.202.75.147','Wincor_Nixdorf','BEETLE/M-III','53R0297053\n','51944\n','NCR POS Printer //\n',903,NULL),('903REG003','10.202.75.148','Wincor_Nixdorf','BEETLE/M-III','53R0274178\n','51944\n','BIXOLON Printer/./\n',903,NULL),('903REG004','10.202.75.149','Wincor_Nixdorf','BEETLE/M-III','53R0297078\n','51944\n','BIXOLON Printer/./\n',903,NULL),('903REG005','10.202.75.150','Wincor_Nixdorf','BEETLE/M-III','53R0297077\n','51944\n','BIXOLON Printer/./\n',903,NULL),('904REG001','10.202.130.146','Wincor_Nixdorf','BEETLE/M-III','53R0295879\n','49950\n','BIXOLON Printer/./\n',904,NULL),('904REG002','10.202.130.147','Wincor_Nixdorf','BEETLE/M-III','53R0296425\n','51944\n','BIXOLON Printer/./\n',904,NULL),('904REG003`','10.202.130.148','NCR',NULL,NULL,NULL,NULL,904,NULL),('905REG001','10.202.143.16','Wincor_Nixdorf','BEETLE/M-III','53R0297090\n','51944\n','BIXOLON Printer/./\n',905,NULL),('905REG002','10.202.143.17','Wincor_Nixdorf','BEETLE/M-III','53R0302985\n','51944\n','BIXOLON Printer/./\n',905,NULL),('905REG003','10.202.143.18','Wincor_Nixdorf','BEETLE/M-III','53R0297089\n','51944\n','BIXOLON Printer/./\n',905,NULL),('905REG004','10.202.143.19','Wincor_Nixdorf','BEETLE/M-III','53R0297133\n','51944\n','BIXOLON Printer/./\n',905,NULL),('906REG001','10.202.169.16','Wincor_Nixdorf','BEETLE/M-III','53R0297076\n','51944\n','BIXOLON Printer/./\n',906,NULL),('906REG002','10.202.169.17','Wincor_Nixdorf','BEETLE/M-III','53R0297087\n','51944\n','BIXOLON Printer/./\n',906,NULL),('906REG003','10.202.169.18','Wincor_Nixdorf','BEETLE/M-III','53R0297088\n','49950\n','NCR POS Printer //\n',906,NULL),('907REG001','10.202.174.16','Wincor_Nixdorf','BEETLE/M-III','53R0297091\n','51944\n','BIXOLON Printer/./\n',907,NULL),('907REG002','10.202.174.17','Wincor_Nixdorf','BEETLE/M-III','53R0274267\n','51944\n','NCR POS Printer //\n',907,NULL),('907REG003','10.202.174.18','Wincor_Nixdorf','BEETLE/M-III','53R0274255\n','51944\n','BIXOLON Printer/./\n',907,NULL),('907REG004','10.202.174.19','NCR','','','','',907,NULL),('908REG001','10.202.178.16','Wincor_Nixdorf','BEETLE/M-II','53R0177695\n','51944\n','NCR POS Printer //\n',908,NULL),('908REG002','10.202.178.17','Wincor_Nixdorf','BEETLE/M-II','53R0264189\n','51944\n','TH230 USB  /./\n',908,NULL),('908REG003','10.202.178.18','NCR','XR4','13-54940042\n','49950\n','NCR POS Printer //\n',908,NULL),('909REG001','10.202.184.16','Wincor_Nixdorf','BEETLE/M-III','53R0297072\n','51944\n','BIXOLON Printer/./\n',909,NULL),('909REG002','10.202.184.17','Wincor_Nixdorf','BEETLE/M-III','53R0284847\n','49950\n','BIXOLON Printer/./\n',909,NULL),('909REG003','10.202.184.18','Wincor_Nixdorf','BEETLE/M-III','53R0284916\n','51944\n','BIXOLON Printer/./\n',909,NULL),('909REG004','10.202.184.19','Wincor_Nixdorf','BEETLE/M-III','53R0284887\n','51944\n','BIXOLON Printer/./\n',909,NULL),('910REG001','10.202.189.16','Wincor_Nixdorf','BEETLE/M-II','53R0149320\n','51944\n','TH230 USB  /./\n',910,NULL),('910REG002','10.202.189.17','Wincor_Nixdorf','BEETLE/M-II','53R0197133\n','51944\n','TH230 USB  /./\n',910,NULL),('910REG003','10.202.189.18','Wincor_Nixdorf','BEETLE/M-II','53R0153006\n','49950\n','TH230 USB  /./\n',910,NULL),('910REG004','10.202.189.19','Wincor_Nixdorf','BEETLE/M-II','53R0177693\n','51944\n','NCR POS Printer //\n',910,NULL),('911REG001','10.202.205.16','Wincor_Nixdorf','BEETLE/M-III','53R0274296\n','51944\n','BIXOLON Printer/./\n',911,NULL),('911REG002','10.202.205.17','Wincor_Nixdorf','BEETLE/M-III','53R0284849\n','51944\n','BIXOLON Printer/./\n',911,NULL),('911REG003','10.202.205.18','Wincor_Nixdorf','BEETLE/M-III','53R0284330\n','51944\n','BIXOLON Printer/./\n',911,NULL),('911REG004','10.202.205.19','NCR','','','','',911,NULL),('912REG001','10.202.205.146','Wincor_Nixdorf','BEETLE/M-II','53R0210343\n','51944\n','TH230 USB  /./\n',912,NULL),('912REG002','10.202.205.147','Wincor_Nixdorf','BEETLE/M-II','53R0254109\n','51944\n','TH230 USB  /./\n',912,NULL),('912REG003','10.202.205.148','Wincor_Nixdorf','BEETLE/M-II','53R0197109\n','51944\n','TH230 USB  /./\n',912,NULL),('913REG001','10.202.217.16','Wincor_Nixdorf','BEETLE/M-II','53R0211058\n','51944\n','NCR POS Printer //\n',913,NULL),('913REG002','10.202.217.17','Wincor_Nixdorf','BEETLE/M-II','53R0151038\n','51944\n','TH230 USB  /./\n',913,NULL),('913REG003','10.202.217.18','Wincor_Nixdorf','BEETLE/M-II','53R0153003\n','51944\n','TH230 USB  /./\n',913,NULL);
/*!40000 ALTER TABLE `Conf_pos` ENABLE KEYS */;
UNLOCK TABLES;

--
-- Table structure for table `Estado`
--

DROP TABLE IF EXISTS `Estado`;
/*!40101 SET @saved_cs_client     = @@character_set_client */;
/*!50503 SET character_set_client = utf8mb4 */;
CREATE TABLE `Estado` (
  `idEstado` int NOT NULL,
  `Nombre_estado` varchar(45) NOT NULL,
  `Descripcion_estado` varchar(224) DEFAULT NULL,
  PRIMARY KEY (`idEstado`),
  UNIQUE KEY `idEstado_UNIQUE` (`idEstado`)
) ENGINE=InnoDB DEFAULT CHARSET=utf8mb3;
/*!40101 SET character_set_client = @saved_cs_client */;

--
-- Dumping data for table `Estado`
--

LOCK TABLES `Estado` WRITE;
/*!40000 ALTER TABLE `Estado` DISABLE KEYS */;
INSERT INTO `Estado` VALUES (1,'NUEVO',NULL),(2,'DANO TOTAL',NULL),(3,'EN FUNCIONAMIENTO',NULL),(4,'EN REPARACION',NULL),(5,'PARA REPARACION',NULL),(6,'POR GARANTIA',NULL),(7,'REPARARADO',NULL),(8,'LABORATORIO DE REPARACION',NULL),(9,'EN ESPERA A ASIGNACION',NULL);
/*!40000 ALTER TABLE `Estado` ENABLE KEYS */;
UNLOCK TABLES;

--
-- Table structure for table `Historial_Linia`
--

DROP TABLE IF EXISTS `Historial_Linia`;
/*!40101 SET @saved_cs_client     = @@character_set_client */;
/*!50503 SET character_set_client = utf8mb4 */;
CREATE TABLE `Historial_Linia` (
  `idHistorial_Linia` int NOT NULL AUTO_INCREMENT,
  `Fecha` date DEFAULT NULL,
  `Estado` varchar(45) DEFAULT NULL,
  `Tiendas_Cod_Ncr` int NOT NULL,
  PRIMARY KEY (`idHistorial_Linia`),
  UNIQUE KEY `idHistorial_Linia_UNIQUE` (`idHistorial_Linia`),
  KEY `fk_Historial_Linia_Tiendas1_idx` (`Tiendas_Cod_Ncr`),
  CONSTRAINT `fk_Historial_Linia_Tiendas1` FOREIGN KEY (`Tiendas_Cod_Ncr`) REFERENCES `Tiendas` (`Cod_Ncr`)
) ENGINE=InnoDB DEFAULT CHARSET=utf8mb3;
/*!40101 SET character_set_client = @saved_cs_client */;

--
-- Dumping data for table `Historial_Linia`
--

LOCK TABLES `Historial_Linia` WRITE;
/*!40000 ALTER TABLE `Historial_Linia` DISABLE KEYS */;
/*!40000 ALTER TABLE `Historial_Linia` ENABLE KEYS */;
UNLOCK TABLES;

--
-- Table structure for table `Historial_act`
--

DROP TABLE IF EXISTS `Historial_act`;
/*!40101 SET @saved_cs_client     = @@character_set_client */;
/*!50503 SET character_set_client = utf8mb4 */;
CREATE TABLE `Historial_act` (
  `idHistorial_act` int NOT NULL AUTO_INCREMENT,
  `fecha` date NOT NULL,
  `tabla_modificada` varchar(45) NOT NULL,
  `actividad_realizada` varchar(45) NOT NULL,
  `Usuario_idUsuario` int NOT NULL,
  `Activo_Serial` varchar(95) NOT NULL,
  PRIMARY KEY (`idHistorial_act`),
  UNIQUE KEY `idHistorial_act_UNIQUE` (`idHistorial_act`),
  KEY `fk_Historial_act_Usuario1_idx` (`Usuario_idUsuario`),
  KEY `fk_Historial_act_Activo1_idx` (`Activo_Serial`),
  CONSTRAINT `fk_Historial_act_Activo1` FOREIGN KEY (`Activo_Serial`) REFERENCES `Activo` (`Serial`),
  CONSTRAINT `fk_Historial_act_Usuario1` FOREIGN KEY (`Usuario_idUsuario`) REFERENCES `Usuario` (`idUsuario`)
) ENGINE=InnoDB DEFAULT CHARSET=utf8mb3;
/*!40101 SET character_set_client = @saved_cs_client */;

--
-- Dumping data for table `Historial_act`
--

LOCK TABLES `Historial_act` WRITE;
/*!40000 ALTER TABLE `Historial_act` DISABLE KEYS */;
/*!40000 ALTER TABLE `Historial_act` ENABLE KEYS */;
UNLOCK TABLES;

--
-- Table structure for table `Marca`
--

DROP TABLE IF EXISTS `Marca`;
/*!40101 SET @saved_cs_client     = @@character_set_client */;
/*!50503 SET character_set_client = utf8mb4 */;
CREATE TABLE `Marca` (
  `idMarca` int NOT NULL,
  `Nombre_Marca` varchar(45) NOT NULL,
  PRIMARY KEY (`idMarca`),
  UNIQUE KEY `idMarca_UNIQUE` (`idMarca`)
) ENGINE=InnoDB DEFAULT CHARSET=utf8mb3;
/*!40101 SET character_set_client = @saved_cs_client */;

--
-- Dumping data for table `Marca`
--

LOCK TABLES `Marca` WRITE;
/*!40000 ALTER TABLE `Marca` DISABLE KEYS */;
INSERT INTO `Marca` VALUES (1,'NCR'),(2,'WINCOR NIXDORF'),(3,'CANON'),(4,'CISCO'),(5,'ALTAI'),(6,'BIXOLON'),(7,'LENOVO'),(8,'EPSON'),(9,'3NSTART'),(10,'DATALOGIC'),(11,'PRETECKEY'),(12,'ZEBRA'),(13,'HP'),(14,'GRANDSTREAM'),(15,'MOTOROLA'),(16,'YEALINK'),(17,'DELL'),(18,'GENIUS'),(19,'MIRCROTICK');
/*!40000 ALTER TABLE `Marca` ENABLE KEYS */;
UNLOCK TABLES;

--
-- Table structure for table `Modelo`
--

DROP TABLE IF EXISTS `Modelo`;
/*!40101 SET @saved_cs_client     = @@character_set_client */;
/*!50503 SET character_set_client = utf8mb4 */;
CREATE TABLE `Modelo` (
  `idModelo` int NOT NULL,
  `Nombre_modelo` varchar(45) NOT NULL,
  `Marca_idMarca` int NOT NULL,
  `Tipo_dispositivo_idTipo_dispositivo` int NOT NULL,
  PRIMARY KEY (`idModelo`),
  UNIQUE KEY `idModelo_UNIQUE` (`idModelo`),
  KEY `fk_Modelo_Marca1_idx` (`Marca_idMarca`),
  KEY `fk_Modelo_Tipo_dispositivo1_idx` (`Tipo_dispositivo_idTipo_dispositivo`),
  CONSTRAINT `fk_Modelo_Marca1` FOREIGN KEY (`Marca_idMarca`) REFERENCES `Marca` (`idMarca`),
  CONSTRAINT `fk_Modelo_Tipo_dispositivo1` FOREIGN KEY (`Tipo_dispositivo_idTipo_dispositivo`) REFERENCES `Tipo_dispositivo` (`idTipo_dispositivo`)
) ENGINE=InnoDB DEFAULT CHARSET=utf8mb3;
/*!40101 SET character_set_client = @saved_cs_client */;

--
-- Dumping data for table `Modelo`
--

LOCK TABLES `Modelo` WRITE;
/*!40000 ALTER TABLE `Modelo` DISABLE KEYS */;
INSERT INTO `Modelo` VALUES (1,'MX67C',4,16),(2,'IX500',5,17),(3,'7199 PRINTER NCR',1,2),(4,'TECLADO USB',1,1),(5,'MII',2,7),(6,'MIII',2,7),(7,'XR4',1,7),(8,'TAB-61',2,1),(9,'TECLADO PS2',1,1),(10,'TH230 +',2,2),(11,'BX352-III-PLUS',6,2),(12,'PRETECKEY',11,1),(13,'MAGELLAN 3300',10,3),(14,'7874',1,3),(15,'MP7001',12,3),(16,'5910MC27 NCR',1,5),(17,'LCD 7\" ',9,5),(18,'MX201',12,4),(19,'2185-6100-9090',1,6),(20,'KA21',2,6),(21,'E73 Desktop (ThinkCentre) - Type 10AU',7,8),(22,'M700 Desktop Tower and SmallType 10GS',7,8),(23,'M70q Desktop (ThinkCentre) - Type 11DU',7,8),(24,'M70s Desktop (ThinkCentre) - Type 11DB',7,8),(25,'M710s Desktop (ThinkCentre) - Type 10M7',7,8),(26,'M715q 2nd Gen Desktop Type 10VH',7,8),(27,'M720q Desktop (ThinkCentre) - Type 10T8',7,8),(28,'M710s Desktop (ThinkCentre) - Type 10M8',7,8),(29,'M720s (Desktop) ThinKCentre - Type 10SU',7,8),(30,'M72e Desktop (ThinkCentre) - Type 3598',7,8),(31,'M73 Desktop (ThinkCentre) - Type 10AX',7,8),(32,'M73 Desktop (ThinkCentre) - Type 10B7',7,8),(33,'M75q-1 Desktop (ThinkCentre) - Type 11A5',7,8),(34,'M78 Desktop (ThinkCentre) - Type 5100',7,8),(35,'M93p Desktop (ThinkCentre) - Type 10A8',7,8),(36,'OptiPlex 7040',17,8),(37,'OptiPlex 7050',7,8),(38,'S500 Desktop (LENOVO) - Type 10HV',7,8),(39,'S510 Desktop (LENOVO) - Type 10KY',7,8),(40,'TIO22G',7,11),(41,'LIDE 300',3,9),(42,'SP-U155',18,10),(43,'RB951UI-2HND',19,21),(44,'W52P',16,13),(45,'WP810',14,22),(46,'SG220-26',4,15);
/*!40000 ALTER TABLE `Modelo` ENABLE KEYS */;
UNLOCK TABLES;

--
-- Table structure for table `Regional`
--

DROP TABLE IF EXISTS `Regional`;
/*!40101 SET @saved_cs_client     = @@character_set_client */;
/*!50503 SET character_set_client = utf8mb4 */;
CREATE TABLE `Regional` (
  `Cod_Regional` int NOT NULL,
  `Codigo_Sap` varchar(45) DEFAULT NULL,
  `Nombre_Regional` varchar(45) DEFAULT NULL,
  PRIMARY KEY (`Cod_Regional`),
  UNIQUE KEY `idRegional_UNIQUE` (`Cod_Regional`)
) ENGINE=InnoDB DEFAULT CHARSET=utf8mb3;
/*!40101 SET character_set_client = @saved_cs_client */;

--
-- Dumping data for table `Regional`
--

LOCK TABLES `Regional` WRITE;
/*!40000 ALTER TABLE `Regional` DISABLE KEYS */;
INSERT INTO `Regional` VALUES (6030,'6A06','BOGOTA'),(6040,'6A04','CUNDINAMARCA NORTE'),(6050,'6A08','CUNDINAMARCA SUR');
/*!40000 ALTER TABLE `Regional` ENABLE KEYS */;
UNLOCK TABLES;

--
-- Table structure for table `Servidor`
--

DROP TABLE IF EXISTS `Servidor`;
/*!40101 SET @saved_cs_client     = @@character_set_client */;
/*!50503 SET character_set_client = utf8mb4 */;
CREATE TABLE `Servidor` (
  `idServicios` int NOT NULL,
  `POS_ARS` varchar(45) NOT NULL DEFAULT 'NO ACTIVO',
  `FDS` varchar(45) NOT NULL DEFAULT 'NO ACTIVO',
  `Postgres` varchar(45) NOT NULL DEFAULT 'NO ACTIVO',
  `Wildfly` varchar(45) NOT NULL DEFAULT 'NO ACTIVO',
  `ArsPluMnt` varchar(45) NOT NULL DEFAULT 'NO ACTICO',
  `Tiendas_Cod_Ncr` int NOT NULL,
  PRIMARY KEY (`idServicios`),
  UNIQUE KEY `idServicios_UNIQUE` (`idServicios`),
  KEY `fk_Servidor_Tiendas1_idx` (`Tiendas_Cod_Ncr`),
  CONSTRAINT `fk_Servidor_Tiendas1` FOREIGN KEY (`Tiendas_Cod_Ncr`) REFERENCES `Tiendas` (`Cod_Ncr`)
) ENGINE=InnoDB DEFAULT CHARSET=utf8mb3;
/*!40101 SET character_set_client = @saved_cs_client */;

--
-- Dumping data for table `Servidor`
--

LOCK TABLES `Servidor` WRITE;
/*!40000 ALTER TABLE `Servidor` DISABLE KEYS */;
/*!40000 ALTER TABLE `Servidor` ENABLE KEYS */;
UNLOCK TABLES;

--
-- Table structure for table `Tiendas`
--

DROP TABLE IF EXISTS `Tiendas`;
/*!40101 SET @saved_cs_client     = @@character_set_client */;
/*!50503 SET character_set_client = utf8mb4 */;
CREATE TABLE `Tiendas` (
  `Cod_Ncr` int NOT NULL,
  `Nombre_Tienda` varchar(45) NOT NULL,
  `Codigo_sap` varchar(10) NOT NULL,
  `Ip_Server` varchar(20) NOT NULL,
  `Ip_Pc` varchar(20) NOT NULL,
  `Ip_Camaras` varchar(45) NOT NULL,
  `Abierta` tinyint NOT NULL,
  `Estado` varchar(10) NOT NULL,
  `Regional_Cod_Regional` int NOT NULL,
  PRIMARY KEY (`Cod_Ncr`),
  UNIQUE KEY `Cod_Ncr_UNIQUE` (`Cod_Ncr`),
  KEY `fk_Tiendas_Regional_idx` (`Regional_Cod_Regional`),
  CONSTRAINT `fk_Tiendas_Regional` FOREIGN KEY (`Regional_Cod_Regional`) REFERENCES `Regional` (`Cod_Regional`)
) ENGINE=InnoDB DEFAULT CHARSET=utf8mb3;
/*!40101 SET character_set_client = @saved_cs_client */;

--
-- Dumping data for table `Tiendas`
--

LOCK TABLES `Tiendas` WRITE;
/*!40000 ALTER TABLE `Tiendas` DISABLE KEYS */;
INSERT INTO `Tiendas` VALUES (1,'BODEGA FUNZA','6A060900','10.26.1.1','10.26.1.1','10.26.1.1',0,'ONLINE',6030),(2,'BODEGA COTA','6A060901','10.29.0.1','10.29.0.1','10.29.0.1',0,'ONLINE',6030),(3,'GUR-121','6A060902','10.29.0.1','10.29.0.1','10.29.0.1',0,'OFFLINE',6030),(4,'JOV-361','6A060903','10.29.0.1','10.29.0.1','10.29.0.1',0,'OFFLINE',6030),(5,'LABORATORIO','6A060904','10.29.0.1','10.29.0.1','10.29.0.1',0,'ONLINE',6030),(6,'COTA RENOVACION','6A060906','10,26.1.161','10,26.1.161','10.40.1.1',1,'OFFLINE',6030),(83,'PRUEBA_PARA_IMPRECION','84P00','84','48','84',1,'ONLINE',6030),(571,'BOG BOYACA','6A060003','10.201.217.145','10.201.217.135','10.201.217.155',1,'ONLINE',6030),(572,'BOG GALERIAS','6A060009','10.201.219.145','10.201.219.135','10.201.219.155',1,'ONLINE',6030),(573,'BOG CHAPINERO','6A060010','10.201.220.15','10.201.220.5','10.201.220.25',1,'ONLINE',6030),(574,'EL ROSAL','6A060011','10.201.220.145','10.201.220.135','10.201.220.155',1,'ONLINE',6030),(575,'BOG SAN LUIS','6A060012','10.201.221.15','10.201.221.5','10.201.221.25',1,'ONLINE',6030),(576,'BOG JAVERIANA','6A060013','10.201.222.15','10.201.222.5','10.201.222.25',1,'ONLINE',6030),(577,'BOG 7 DE AGOSTO','6A060015','10.201.223.15','10.201.223.5','10.201.223.25',1,'ONLINE',6030),(578,'BOG QUESADA','6A060016','10.201.223.145','10.201.223.135','10.201.223.155',1,'ONLINE',6030),(579,'BOG NORMANDIA','6A060019','10.201.225.15','10.201.225.5','10.201.225.25',1,'ONLINE',6030),(581,'BOG PALERMO','6A060024','10.201.227.145','10.201.227.135','10.201.227.155',1,'ONLINE',6030),(582,'SUBACHOQUE','6A060025','10.201.228.15','10.201.228.5','10.201.228.25',1,'OFFLINE',6030),(583,'BOG TEUSAQUILLO','6A060026','10.201.228.145','10.201.228.135','10.201.228.155',1,'ONLINE',6030),(584,'BOG FLORES','6A060027','10.201.227.15','10.201.227.5','10.201.227.25',1,'ONLINE',6030),(585,'BOG CODAZZI','6A060028','10.201.229.15','10.201.229.5','10.201.229.25',1,'ONLINE',6030),(586,'BOG LORENCITA','6A060030','10.201.229.145','10.201.229.135','10.201.229.155',1,'ONLINE',6030),(587,'BOG CALLE 53','6A060031','10.201.230.15','10.201.230.5','10.201.230.25',1,'ONLINE',6030),(588,'BOG PARDO RUBIO','6A060033','10.201.231.15','10.201.231.5','10.201.231.25',1,'ONLINE',6030),(589,'BOG AV QUITO II','6A060034','10.201.232.15','10.201.232.5','10.201.232.25',1,'ONLINE',6030),(591,'BOG LOURDES','6A060038','10.201.233.15','10.201.233.5','10.201.233.25',1,'ONLINE',6030),(592,'BOG AV ROJAS II','6A060039','10.201.233.145','10.201.233.135','10.201.233.155',1,'OFFLINE',6030),(593,'BOG ENGATIVA MIRADOR','6A060040','10.201.234.15','10.201.234.5','10.201.234.25',1,'ONLINE',6030),(594,'BOG CAMPIN','6A060041','10.201.235.15','10.201.235.5','10.201.235.25',1,'ONLINE',6030),(595,'BOG EL REAL','6A060042','10.201.235.145','10.201.235.135','10.201.235.155',1,'ONLINE',6030),(596,'BOG TEUSAQUILLO EDIT','6A060048','10.201.234.145','10.201.234.135','10.201.234.155',1,'ONLINE',6030),(597,'LA VEGA PLAZA','6A060051','10.201.239.145','10.201.239.135','10.201.239.155',1,'ONLINE',6030),(598,'BOG ACEVEDO TEJADA','6A060056','10.201.242.15','10.201.242.5','10.201.242.25',1,'ONLINE',6030),(599,'BOG ENGATIVA DORADO','6A060058','10.201.243.15','10.201.243.5','10.201.243.25',1,'ONLINE',6030),(600,'BOG NOTARIA','6A060062','10.202.60.15','10.202.60.5','10.202.60.25',1,'ONLINE',6030),(601,'BOG LA MERCED NORTE','6A060063','10.202.73.15','10.202.73.5','10.202.73.25',1,'ONLINE',6030),(602,'BOG EL REFUGIO','6A060064','10.202.73.145','10.202.73.135','10.202.73.155',1,'ONLINE',6030),(603,'GUADUAS','6A060067','10.202.75.15','10.202.75.5','10.202.75.25',1,'ONLINE',6030),(604,'BOG LA EUROPA','6A060069','10.202.86.15','10.202.86.5','10.202.86.25',1,'ONLINE',6030),(605,'BOG DIVERPLAZA','6A060070','10.202.86.145','10.202.86.135','10.202.86.155',1,'ONLINE',6030),(606,'BOG VILLA LUZ','6A060071','10.202.87.15','10.202.87.5','10.202.87.25',1,'ONLINE',6030),(607,'BOG LA FLORIDA','6A060079','10.202.92.15','10.202.92.5','10.202.92.25',1,'ONLINE',6030),(608,'BOG TABORA','6A060080','10.202.95.145','10.202.95.135','10.202.95.155',1,'ONLINE',6030),(609,'BOG JVARGAS','6A060081','10.202.96.15','10.202.96.5','10.202.96.25',1,'ONLINE',6030),(610,'SASAIMA','6A060082','10.202.97.15','10.202.97.5','10.202.97.25',1,'ONLINE',6030),(611,'VILLETA','6A060083','10.202.97.145','10.202.97.135','10.202.97.155',1,'ONLINE',6030),(613,'CUN SAN FRANCISCO','6A060095','10.202.136.15','10.202.136.5','10.202.136.25',1,'ONLINE',6030),(615,'BOG VILLA ALSACIA','6A060097','10.202.10.145','10.202.10.135','10.202.10.155',1,'ONLINE',6030),(616,'BOG EL PROGRESO','6A060098','10.202.13.15','10.202.13.5','10.202.13.25',1,'ONLINE',6030),(617,'BOG LA FRAGUITA','6A060099','10.202.13.145','10.202.13.135','10.202.13.155',1,'ONLINE',6030),(618,'BOG RESTREPO CAFESAL','6A060100','10.202.14.145','10.202.14.135','10.202.14.155',1,'ONLINE',6030),(619,'BOG PIO XII','6A060101','10.202.16.145','10.202.16.135','10.202.16.155',1,'ONLINE',6030),(620,'BOG CD JARDIN SUR','6A060102','10.202.20.145','10.202.20.135','10.202.20.155',1,'ONLINE',6030),(621,'BOG VERAGUAS','6A060103','10.202.21.145','10.202.21.135','10.202.21.155',1,'ONLINE',6030),(622,'BTA RESTPO BOMBEROS','6A060104','10.202.22.145','10.202.22.135','10.202.22.155',1,'ONLINE',6030),(623,'BOG TRINIDAD','6A060105','10.202.26.15','10.202.26.5','10.202.26.25',1,'ONLINE',6030),(624,'BOG SAN ANDRESITO','6A060106','10.202.27.145','10.202.27.135','10.202.27.155',1,'ONLINE',6030),(625,'BOG CASTILLA','6A060107','10.202.79.15','10.202.79.5','10.202.79.25',1,'ONLINE',6030),(626,'BOG PUENTE ARANDA','6A060108','10.202.93.15','10.202.93.5','10.202.93.25',1,'ONLINE',6030),(627,'BOG ZONA IN','6A060109','10.202.108.145','10.202.108.135','10.202.108.155',1,'ONLINE',6030),(628,'BOG NUEVA MARSELLA','6A060110','10.202.108.15','10.202.108.5','10.202.108.25',1,'ONLINE',6030),(629,'BOG NARIO SUR','6A060111','10.202.114.15','10.202.114.5','10.202.114.25',1,'ONLINE',6030),(630,'BOG AMERICAS ANDES','6A060112','10.202.119.15','10.202.119.5','10.202.119.25',1,'ONLINE',6030),(631,'BOG LA GIRALDA','6A060113','10.201.224.15','10.201.224.5','10.201.224.25',1,'ONLINE',6030),(632,'BOG FONTI VILLEMAR','6A060114','10.201.224.145','10.201.224.135','10.201.224.155',1,'ONLINE',6030),(633,'BOG FONTIBON PLAZA','6A060115','10.201.226.145','10.201.226.135','10.201.226.155',1,'ONLINE',6030),(634,'BOG FONTIBO SAN JOSE','6A060116','10.201.218.15','10.201.218.5','10.201.218.25',1,'ONLINE',6030),(635,'BOG SAMPER MENDOZA','6A060117','10.201.232.145','10.201.232.135','10.201.232.155',1,'ONLINE',6030),(636,'BOG EL RUBY','6A060118','10.201.236.15','10.201.236.5','10.201.236.25',1,'ONLINE',6030),(637,'BOG CTRO LAS NIEVES','6A060119','10.201.237.15','10.201.237.5','10.201.237.25',1,'ONLINE',6030),(638,'BOG CAPUCHINA','6A060120','10.201.239.15','10.201.239.5','10.201.239.25',1,'ONLINE',6030),(639,'BOG EL CARMEN','6A060121','10.201.241.15','10.201.241.5','10.201.241.25',1,'ONLINE',6030),(640,'BOG PALOQUEMAO','6A060122','10.201.243.145','10.201.243.135','10.201.243.155',1,'ONLINE',6030),(641,'BOG FELICIDAD','6A060123','10.202.59.15','10.202.59.5','10.202.59.25',1,'ONLINE',6030),(642,'BOG FONTIBON SATURNO','6A060124','10.202.74.145','10.202.74.135','10.202.74.25',1,'ONLINE',6030),(643,'BOG FONTIBO VERSALLE','6A060125','10.202.74.15','10.202.74.5','10.202.74.25',1,'ONLINE',6030),(644,'BOG AV ESPERANZA','6A060126','10.202.59.145','10.202.59.135','10.202.59.155',0,'OFFLINE',6030),(645,'BOG MODELIA','6A060127','10.201.216.145','10.201.216.135','10.201.216.155',1,'ONLINE',6030),(646,'BOG ESTRELLA','6A060128','10.201.217.15','10.201.217.5','10.201.217.25',1,'ONLINE',6030),(647,'BOG QUINTAPAREDES','6A060129','10.201.226.15','10.201.226.5','10.201.226.25',1,'ONLINE',6030),(648,'BOG EL RECUERDO','6A060130','10.201.237.145','10.201.237.135','10.201.237.155',1,'ONLINE',6030),(651,'BOG SAGRADO CORAZON','6A060133','10.201.242.145','10.201.242.135','10.201.242.155',1,'ONLINE',6030),(653,'BOG PRIMAVERA','6A060135','10.202.128.15','10.202.128.5','10.202.128.25',1,'ONLINE',6030),(654,'BOG FUNDADORES','6A060136','10.202.128.145','10.202.128.135','10.202.128.155',1,'ONLINE',6030),(655,'BOG MARSELLA ANTIGUA','6A060137','10.202.140.15','10.202.140.5','10.202.140.55',1,'ONLINE',6030),(656,'BOG BENJAMIN HERRERA','6A060138','10.202.146.15','10.202.146.5','10.202.146.25',1,'ONLINE',6030),(658,'BOG CIUDAD MONTES','6A060140','10.202.153.145','10.202.153.135','10.202.153.155',1,'ONLINE',6030),(660,'CUN FUNZA CEDI','6A060142','10.201.236.145','10.201.236.135','10.201.236.155',1,'ONLINE',6030),(661,'BOG VALLADOLID','6A060143','10.202.162.145','10.202.162.135','10.202.162.155',1,'ONLINE',6030),(662,'BOG CIUDAD  BERNA','6A060144','10.202.186.15','10.202.186.5','10.202.186.25',1,'ONLINE',6030),(663,'BOG CALVO SUR','6A060145','10.202.194.15','10.202.194.5','10.202.194.25',1,'ONLINE',6030),(824,'BOGOTA SUBA TRINITARIA','6A060193','10.202.43.15','10.202.43.5','10.202.43.25',1,'ONLINE',6030),(825,'BOGOTA SUBA LISBOA','6A060194','10.202.35.15','10.202.35.5','10.202.35.25',1,'ONLINE',6030),(826,'BOGOTA LAGOS DE SUBA','6A060195','10.202.36.15','10.202.36.15','10.202.36.25',1,'ONLINE',6030),(827,'BOGOTA SUBA TURINGIA','6A060196','10.202.36.145','10.202.36.135','10.202.36.155',1,'ONLINE',6030),(828,'BOGOTA SUBA VILLA ELIZA','6A060197','10.202.37.15','10.202.37.5','10.202.37.25',1,'ONLINE',6030),(829,'BOGOTA SUBA PINAR','6A060198','10.202.37.145','10.202.37.135','10.202.37.155',1,'ONLINE',6030),(830,'BOGOTA SUBA JAVA','6A060199','10.202.38.15','10.202.38.5','10.202.38.25',1,'ONLINE',6030),(831,'BOGOTA SUBA SALITRE','6A060200','10.202.38.145','10.202.38.135','10.202.38.155',1,'ONLINE',6030),(832,'BOGOTA SUBA TABOR','6A060201','10.202.40.15','10.202.40.5','10.202.40.25',1,'ONLINE',6030),(833,'BOGOTA SUBA PUERTA DEL SOL','6A060202','10.202.40.145','10.202.40.135','10.202.40.155',1,'ONLINE',6030),(834,'BOGOTA ALVERNIA','6A060203','10.202.41.145','10.202.41.135','10.202.41.155',1,'ONLINE',6030),(835,'BOGOTA SUBA SAN JORGE','6A060204','10.202.42.145','10.202.42.135','10.202.42.155',1,'ONLINE',6030),(836,'BOGOTA PRADO VERANIEGO','6A060205','10.202.44.15','10.202.44.5','10.202.44.25',1,'ONLINE',6030),(837,'BOGOTA NIZA','6A060206','10.202.44.145','10.202.44.135','10.202.44.155',1,'ONLINE',6030),(838,'BOGOTA MORATO','6A060207','10.202.45.15','10.202.45.5','10.202.45.25',1,'ONLINE',6030),(839,'BOGOTA SOTILEZA','6A060208','10.202.45.145','10.202.45.135','10.202.45.155',1,'ONLINE',6030),(840,'BOGOTA IBERIA','6A060209','10.202.46.15','10.202.46.5','10.202.46.25',1,'ONLINE',6030),(841,'BOGOTA FLORESTA','6A060210','10.202.46.145','10.202.46.135','10.202.46.155',1,'ONLINE',6030),(842,'BOGOTA PONTEVEDRA','6A060211','10.202.47.15','10.202.47.5','10.202.47.25',1,'ONLINE',6030),(843,'BOGOTA TIERRA LINDA','6A060212','10.202.47.145','10.202.47.135','10.202.47.155',1,'ONLINE',6030),(844,'BOGOTA SAN NICOLAS','6A060213','10.202.48.15','10.202.48.5','10.202.48.25',1,'ONLINE',6030),(845,'BOGOTA LAS VILLAS','6A060214','10.202.48.145','10.202.48.135','10.202.48.155',1,'ONLINE',6030),(846,'BOGOTA BATAN','6A060215','10.202.50.15','10.202.50.15','10.202.50.25',1,'ONLINE',6030),(847,'BOGOTA PASADENA','6A060216','10.202.50.145','10.202.50.145','10.202.50.155',1,'ONLINE',6030),(849,'BOGOTA ALHAMBRA','6A060217','10.202.52.15','10.202.52.15','10.202.52.25',1,'ONLINE',6030),(850,'BOGOTA HUMEDAL CORDOBA','6A060218','10.202.53.15','10.202.53.5','10.202.53.25',1,'ONLINE',6030),(851,'BOGOTA SUBA LOMBARDIA','6A060219','10.202.62.15','10.202.62.15','10.202.62.25',1,'ONLINE',6030),(852,'BOGOTA SUBA CARMEN DEL NORTE','6A060220','10.202.81.145','10.202.81.145','10.202.81.155',1,'ONLINE',6030),(853,'BOGOTA CALLE 100 ESTORIL','6A060221','10.202.82.15','10.202.82.15','10.202.82.25',1,'ONLINE',6030),(854,'BOGOTA SUBA CAMPANELLA','6A060222','10.202.82.145','10.202.82.135','10.202.82.155',1,'ONLINE',6030),(855,'BOGOTA CIUDAD JARDIN DEL NORTE','6A060223','10.202.83.15','10.202.83.5','10.202.83.25',1,'ONLINE',6030),(856,'BOGOTA BOSQUES DE SUBA','6A060224','10.202.89.15','10.202.89.5','10.202.89.25',1,'ONLINE',6030),(857,'BOGOTA SUBA GAITANA','6A060225','10.202.92.145','10.202.92.135','10.202.92.155',1,'ONLINE',6030),(858,'BOGOTA SUBA CAMPIA ALTA','6A060226','10.202.93.145','10.202.93.135','10.202.93.155',1,'ONLINE',6030),(860,'BOGOTA SUBA AURES','6A060227','10.202.113.145','10.202.113.135','10.202.113.155',1,'ONLINE',6030),(861,'BOGOTA SULTANA','6A060228','10.202.118.15','10.202.118.5','10.202.118.25',1,'ONLINE',6030),(862,'BOGOTA USAQUEN','6A060229','10.201.134.145','10.201.134.135','10.201.134.155',1,'ONLINE',6030),(863,'BOGOTA UNICENTRO','6A060230','10.201.136.145','10.201.136.135','10.201.136.155',1,'ONLINE',6030),(864,'BOGOTA SANTA BARBARA','6A060231','10.201.137.145','10.201.137.135','10.201.137.155',1,'ONLINE',6030),(865,'BOGOTA CHICO NAVARRA','6A060232','10.201.141.145','10.201.141.135','10.201.141.155',1,'ONLINE',6030),(866,'BOGOTA PEPE SIERRA','6A060233','10.201.146.15','10.201.146.15','10.201.146.25',0,'OFFLINE',6030),(867,'BOGOTA RIO CALLEJAS','6A060234','10.201.149.15','10.201.149.15','10.201.149.25',1,'ONLINE',6030),(868,'BOGOTA CANTON NORTE','6A060235','10.201.153.145','10.201.153.135','10.201.153.155',1,'ONLINE',6030),(869,'BOGOTA CAMBIL 108','6A060236','10.201.163.15','10.201.163.5','10.201.163.25',1,'ONLINE',6030),(870,'BOGOTA LA CALLEJA','6A060237','10.202.84.145','10.202.84.135','10.202.84.155',1,'ONLINE',6030),(871,'BOGOTA SAN PATRICIO','6A060238','10.202.99.145','10.202.99.135','10.202.99.155',1,'ONLINE',6030),(872,'BOGOTA VICTORIA NORTE C','6A060239','10.202.49.145','10.202.49.135','10.202.49.155',1,'ONLINE',6030),(873,'BOGOTA AUTONORTE 144','6A060240','10.202.49.15','10.202.49.5','10.202.49.25',1,'ONLINE',6030),(874,'BOGOTA ALCALA','6A060241','10.202.51.15','10.202.51.15','10.202.51.25',1,'ONLINE',6030),(875,'BOGOTA PRADO PINZON','6A060242','10.202.51.145','10.202.51.145','10.202.51.155',1,'ONLINE',6030),(877,'BOGOTA AV CALI','6A060243','10.201.218.145','10.202.218.145','10.201.218.155',1,'ONLINE',6030),(878,'BOGOTA LA ESPAOLA','6A060244','10.201.219.15','10.201.219.15','10.201.219.25',1,'ONLINE',6030),(879,'BOGOTA RIO NEGRO','6A060245','10.201.130.145','10.201.130.135','10.201.30.155',1,'ONLINE',6030),(880,'BOGOTA SOLEDAD NORTE','6A060246','10.201.221.145','10.201.221.135','10.202.221.155',1,'ONLINE',6030),(881,'BOGOTA FERIAS','6A060247','10.201.222.145','10.201.222.135','10.201.222.155',1,'ONLINE',6030),(882,'BOGOTA LA GRANJA','6A060248','10.201.225.145','10.201.225.135','10.201.225.155',1,'ONLINE',6030),(884,'BOGOTA CASTELLANA','6A060249','10.201.144.15','10.201.144.5','10.201.144.25',1,'ONLINE',6030),(885,'BOGOTA METROPOLIS','6A060250','10.201.216.15','10.201.216.15','10.201.216.25',1,'ONLINE',6030),(886,'BOGOTA ALCAZARES','6A060251','10.201.143.145','10.201.143.135','10.201.143.155',1,'ONLINE',6030),(887,'BOGOTA CHICO 93','6A060252','10.201.144.145','10.201.144.135','10.201.144.155',1,'ONLINE',6030),(888,'BOGOTA CEREZOS 2','6A060253','10.201.230.145','10.201.230.145','10.201.230.155',1,'ONLINE',6030),(889,'BOGOTA BARRIOS UNIDOS','6A060254','10.201.231.145','10.201.131.145','10.201.131.155',1,'ONLINE',6030),(890,'BOGOTA TEATRO NACIONAL','6A060255','10.201.151.15','10.201.151.5','10.201.151.25',1,'ONLINE',6030),(891,'BOGOTA GAITAN','6A060256','10.201.151.145','10.201.151.145','10.201.151.155',1,'ONLINE',6030),(893,'BOGOTA ANTIGUO COUNTRY','6A060257','10.201.141.15','10.201.141.5','10.201.141.25',1,'ONLINE',6030),(894,'BOGOTA SANTA SOFIA','6A060258','10.201.155.145','10.201.155.135','10.201.155.155',1,'ONLINE',6030),(895,'BOGOTA ANDES','6A060259','10.201.157.15','10.201.157.15','10.201.157.25',1,'ONLINE',6030),(896,'BOGOTA MORTIO','6A060260','10.201.238.145','10.201.238.135','10.201.238.155',1,'OFFLINE',6030),(897,'BOGOTA BONANZA','6A060261','10.201.240.145','10.201.240.135','10.201.240.155',1,'ONLINE',6030),(899,'BOGOTA POLO SUR','6A060262','10.201.169.145','10.201.169.135','10.201.169.155',1,'ONLINE',6030),(901,'BOGOTA BC 86','6A060263','10.202.67.15','10.202.67.5','10.202.67.25',1,'ONLINE',6030),(902,'BOGOTA ANDINO','6A060264','10.202.68.145','10.202.68.135','10.202.68.155',1,'ONLINE',6030),(903,'BOGOTA UNICENTRO DE OCCIDENTE','6A060265','10.202.75.145','10.202.75.135','10.202.75.155',1,'ONLINE',6030),(904,'CLIC 80','6A060266','10.202.130.145','10.202.130.135','10.202.130.155',1,'ONLINE',6030),(905,'BOGOTA SAN CAYETANO','6A060267','10.202.143.15','10.202.143.15','10.202.143.25',1,'ONLINE',6030),(906,'BOG CALLE 100 CON 15','6A060268','10.202.169.15','10.202.169.5','10.202.169.25',1,'ONLINE',6030),(907,'BOG GRANADA','6A060269','10.202.174.15','10.202.174.15','10.202.174.25',1,'ONLINE',6030),(908,'BOG POLITECNICO','6A060270','10.202.178.15','10.202.175.5','10.202.175.25',1,'ONLINE',6030),(909,'BOG NARANJOS','6A060271','10.202.184.15','10.202.184.5','10.202.184.25',1,'ONLINE',6030),(910,'BOG SAN CARLOS','6A060272','10.202.189.15','10.202.189.15','10.202.189.25',1,'ONLINE',6030),(911,'BOG SANTA FE','6A060273','10.202.205.15','10.202.205.15','10.202.205.25',1,'ONLINE',6030),(912,'BOG ZONA T','6A060274','10.202.205.145','10.202.205.145','10.202.205.155',1,'ONLINE',6030),(913,'BOG SANTA PAULA','6A060275','10.202.217.15','10.202.217.15','10.202.217.25',1,'ONLINE',6030),(1055,'BOG LOS PINOS','6A060276','10.202.245.145','10.202.245.135','10.202.245.155',1,'ONLINE',6030),(1087,'BOG KUKARAMAKARA','6A060277','10.203.7.15','10.203.7.15','10.203.7.25',1,'ONLINE',6030),(1088,'BOG ALTOS DE CHOZICA','6A060278','10.203.7.145','10.203.7.145','10.203.7.155',1,'ONLINE',6030),(1105,'CEDI COTA','6A090900','','','',1,'ONLINE',6030),(1113,'CEDI FUNZA','6A060900','','','',1,'ONLINE',6030),(1119,'BOG PRADO JARDIN','6A060279','','10.203.20.145','10.203.20.155',1,'ONLINE',6030),(1131,'BOG BUENOS AIRES MAR','6A060148','','10.201.220.135','10.203.21.155',1,'ONLINE',6030),(1133,'CUN CAPARRAPI','6A060150','','10.203.22.135','10.203.22.155',1,'ONLINE',6030),(1134,'BOG GORGONZOLA','6A060151','','10.203.23.5','10.203.23.25',1,'ONLINE',6030),(1140,'BOG TITAN 80','6A060280','','10.203.27.15','10.203.27.25',1,'ONLINE',6030),(1225,'BOG GRANJA II','6A060281','','10.203.95.135','10.203.95.155',1,'ONLINE',6030),(1277,'BOG CHAPINERO ALTO','6A060152','','10.203.97.5','10.203.97.25',1,'ONLINE',6030),(1299,'BOG FONTANAR DEL RIO','6A060283','','10.203.146.135','10.203.146.155',1,'ONLINE',6030),(1300,'BOG CASA BLANCA','6A060282','','10.203.146.5','10.203.146.25',1,'ONLINE',6030),(1301,'BOG ESTACION SABANA','6A060166','','10.203.144.135','10.203.144.155',1,'ONLINE',6030),(1324,'BOG ALAMEDA','6A060167','','10.203.144.5','10.203.144.25',1,'ONLINE',6030),(1339,'BOG ENGATIVA MUELLE','6A060155','','10.203.170.5','10.203.170.25',1,'ONLINE',6030),(1358,'BOG AUTO 106','6A060284','','10.203.169.5','10.203.169.25',1,'ONLINE',6030),(1359,'BOG PORCIUNCULA','6A060285','','10.203.169.135','10.203.169.155',1,'ONLINE',6030),(1364,'BOG ANDALUCIA','6A060156','','10.203.171.5','10.203.171.25',1,'ONLINE',6030),(1545,'TIBANA','6A060158','','10.203.182.135','10.203.182.155',1,'ONLINE',6030),(1552,'BOG LOS MONJES','6A060159','','10.203.200.135','10.203.200.155',1,'ONLINE',6030),(1570,'BOG PUENTE LARGO','6A060286','','10.203.222.135','10.203.222.155',1,'ONLINE',6030),(1603,'BOG 108 BULEVAR','6A060287','','10.203.230.135','10.203.230.155',1,'ONLINE',6030),(1604,'BOG MULTICENTRO','6A060288','','10.203.231.5','10.203.231.25',1,'ONLINE',6030),(1627,'LA ESMERALDA','6A060160','','10.203.227.135','10.203.227.155',1,'ONLINE',6030),(1628,'POLICARPA','6A060161','','10.203.246.5','10.203.246.25',1,'ONLINE',6030),(1629,'BOSQUES DE MARIANA','6A060289','','10.203.245.135','10.203.245.155',1,'ONLINE',6030),(1639,'ALCAPARROS','6A060290','','10.204.18.5','10.204.18.25',1,'ONLINE',6030),(1640,'GRAN ESTACION','6A060162','','10.204.17.5','10.204.17.25',1,'ONLINE',6030),(1641,'LOS ANGELES','6A060163','','10.204.17.135','10.204.17.155',1,'ONLINE',6030),(1642,'FOMEQUE','6A060164','','10.204.16.5','10.204.16.25',1,'ONLINE',6030),(1678,'LAS CRUCES','6A060165','','10.204.16.135','10.204.16.155',1,'ONLINE',6030),(1699,'BOG BCH 52','6A060169','','10.204.34.135','10.204.34.155',1,'ONLINE',6030),(1700,'BOG SAN RAFAEL','6A060170','','10.204.35.5','10.204.35.25',1,'ONLINE',6030),(1701,'BOG RICAURTE','6A060171','','10.204.35.135','10.204.35.155',1,'ONLINE',6030),(1706,'BOG DARK STORE','6A060291','','10.204.47.135','10.204.47.155',1,'ONLINE',6030),(1759,'MINUTO','6A060292','','10.204.64.135','10.204.64.155',1,'ONLINE',6030),(1760,'LUJAN','6A060174','','10.204.65.5','10.204.65.25',1,'ONLINE',6030),(1761,'PARQUE BOYACA','6A060172','','10.204.65.135','10.204.65.155',1,'ONLINE',6030),(1762,'EJE AMBIENTAL','6A060173','','10.204.66.5','10.204.66.25',1,'ONLINE',6030),(1786,'BOG CINEMATECA','6A060175','','10.204.97.5','10.204.97.25',1,'ONLINE',6030),(1787,'BOG OLAYA','6A060176','','10.204.67.5','10.204.67.25',1,'ONLINE',6030),(1788,'CHOACHI','6A060177','','10.204.36.135','10.204.36.155',1,'ONLINE',6030),(1789,'BOG CUNDINAMARCA','6A060178','','10.204.67.135','10.204.67.155',1,'ONLINE',6030),(1790,'BOG LUNA PARK','6A060179','','10.204.68.5','10.204.68.25',1,'ONLINE',6030),(1791,'BOG OCCIDENTAL CALLE 80','6A060293','','10.204.66.135','10.204.66.155',1,'ONLINE',6030),(1868,'BOG PROVIVIENDA','6A060180','','10.204.127.5','10.204.127.25',1,'ONLINE',6030),(1895,'UBAQUE','6A060181','','10.204.127.135','10.204.127.155',1,'ONLINE',6030),(1896,'VILLETA BELLO HORIZ','6A060182','','10.204.128.5','10.204.128.25',1,'ONLINE',6030),(1897,'BOG SAN ANTONIO ENG','6A060183','','10.204.128.135','10.204.128.155',1,'ONLINE',6030),(1898,'BOG EDUARDO SANTOS','6A060184','','10.204.129.5','10.204.129.25',1,'ONLINE',6030),(1899,'LA VEGA GAITAN','6A060185','','10.204.130.5','10.204.130.25',1,'ONLINE',6030),(1900,'BOG EL POLO','6A060294','','10.204.129.135','10.204.129.155',1,'ONLINE',6030),(1914,'BOG RAMIREZ','6A060186','','10.204.148.135','10.204.148.155',1,'ONLINE',6030),(1915,'UTICA','6A060187','','10.204.148.5','10.204.148.25',1,'ONLINE',6030),(1916,'BOG VILLA CINDY','6A060295','','10.204.149.5','10.204.149.25',1,'ONLINE',6030),(1918,'BOG PALO BLANCO','6A060188','','10.204.206.135','10.204.206.155',1,'ONLINE',6030),(1919,'BOG SANTA ROSITA','6A060296','','10.204.149.135','10.204.149.155',1,'ONLINE',6030),(1949,'BOG RESTREPO OCCIDEN','6A060189','','10.204.150.5','10.204.150.25',1,'ONLINE',6030),(1978,'BOG PARQUE CASTILLA','6A060190','','10.204.175.135','10.204.175.155',1,'ONLINE',6030),(1979,'BOG PLAZA QUIRIGUA','6A060297','','10.204.176.5','10.204.176.25',1,'ONLINE',6030),(2008,'BOG SAN GABRIEL','6A060191','','10.204.176.135','10.204.176.155',1,'ONLINE',6030),(2009,'BOG RIO FUCHA','6A060192','','10.204.179.135','10.204.179.155',1,'ONLINE',6030),(2024,'BOG LOS LIBERTAD','6A060298','','10.204.186.5','10.204.186.25',1,'ONLINE',6030),(2032,'BOG SUBA FIESTA','6A060299','','10.204.186.135','10.204.186.155',1,'ONLINE',6030),(2037,'BOG DARK STORE T','6A060300','','10.204.162.5','10.204.162.25',1,'ONLINE',6030),(2056,'BOG PLAZA DE TOROS','6A060301','','10.204.207.5','10.204.207.25',1,'ONLINE',6030),(2057,'BOG ATAHUALPA','6A060302','','10.204.231.5','10.204.231.25',1,'ONLINE',6030),(2105,'BOG TIENDA ESCUELA','6A060303','10.203.235.15','10.203.235.5','10.203.235.5',0,'OFLINE',6030),(2121,'BOG HAYUELOS','6A060305','','10.204.238.5','10.204.238.25',1,'ONLINE',6030),(2134,'BOG LOG SAN RAFA','6A060307','','10.204.239.5','10.204.239.25',1,'ONLINE',6030),(2157,'BOG FONTI SANTANDER','6A060308','','10.204.27.5','10.204.27.25',1,'ONLINE',6030),(2158,'BOG COLOMBIA','6A060309','','10.203.251.5','10.203.251.25',1,'ONLINE',6030),(2164,'BOG MARIA REINA','6A060310','10.204.25.15','10.204.25.5','10.204.25.25',1,'ONLINE',6030),(2178,'CUND LA PALMA','6A060312','10.204.159.15','10.204.159.5','10.204.159.25',1,'ONLINE',6030),(2221,'GUADUAS SANTAMARIA','6A060315','10.201.164.15','10.201.164.5','10.201.164.25',1,'OFFLINE',6030);
/*!40000 ALTER TABLE `Tiendas` ENABLE KEYS */;
UNLOCK TABLES;

--
-- Table structure for table `Tipo_dispositivo`
--

DROP TABLE IF EXISTS `Tipo_dispositivo`;
/*!40101 SET @saved_cs_client     = @@character_set_client */;
/*!50503 SET character_set_client = utf8mb4 */;
CREATE TABLE `Tipo_dispositivo` (
  `idTipo_dispositivo` int NOT NULL,
  `Nombre_tip_dispo` varchar(45) NOT NULL,
  PRIMARY KEY (`idTipo_dispositivo`),
  UNIQUE KEY `idTipo_dispositivo_UNIQUE` (`idTipo_dispositivo`)
) ENGINE=InnoDB DEFAULT CHARSET=utf8mb3;
/*!40101 SET character_set_client = @saved_cs_client */;

--
-- Dumping data for table `Tipo_dispositivo`
--

LOCK TABLES `Tipo_dispositivo` WRITE;
/*!40000 ALTER TABLE `Tipo_dispositivo` DISABLE KEYS */;
INSERT INTO `Tipo_dispositivo` VALUES (1,'TECLADO POS'),(2,'IMPRESORA POS'),(3,'SCANNER POS'),(4,'VISOR DE PESO'),(5,'PANTALLA POS'),(6,'GAVETA'),(7,'CPU POS'),(8,'PC DE TIENDA'),(9,'SCANNER OFICINA'),(10,'PARLANTES'),(11,'PANTALLA PC'),(12,'BASE TELEFONO'),(13,'TELEFONO'),(14,'ROUTER'),(15,'SWITCH'),(16,'MERAKI'),(17,'ACCESS POINT'),(18,'CELULAR'),(19,'SIM'),(21,'MIRCROTICK'),(22,'TELEFONO WIFI'),(23,'TELEFONO WIFI');
/*!40000 ALTER TABLE `Tipo_dispositivo` ENABLE KEYS */;
UNLOCK TABLES;

--
-- Table structure for table `Usuario`
--

DROP TABLE IF EXISTS `Usuario`;
/*!40101 SET @saved_cs_client     = @@character_set_client */;
/*!50503 SET character_set_client = utf8mb4 */;
CREATE TABLE `Usuario` (
  `idUsuario` int NOT NULL,
  `nombre_ingreso` varchar(45) NOT NULL,
  `pass` varchar(255) DEFAULT NULL,
  PRIMARY KEY (`idUsuario`),
  UNIQUE KEY `idUsuario_UNIQUE` (`idUsuario`)
) ENGINE=InnoDB DEFAULT CHARSET=utf8mb3;
/*!40101 SET character_set_client = @saved_cs_client */;

--
-- Dumping data for table `Usuario`
--

LOCK TABLES `Usuario` WRITE;
/*!40000 ALTER TABLE `Usuario` DISABLE KEYS */;
/*!40000 ALTER TABLE `Usuario` ENABLE KEYS */;
UNLOCK TABLES;

--
-- Table structure for table `ubicacion_local`
--

DROP TABLE IF EXISTS `ubicacion_local`;
/*!40101 SET @saved_cs_client     = @@character_set_client */;
/*!50503 SET character_set_client = utf8mb4 */;
CREATE TABLE `ubicacion_local` (
  `idubicacion_local` int NOT NULL AUTO_INCREMENT,
  `Descripcion_ubi_loc` varchar(45) NOT NULL,
  PRIMARY KEY (`idubicacion_local`),
  UNIQUE KEY `idubicacion_local_UNIQUE` (`idubicacion_local`)
) ENGINE=InnoDB AUTO_INCREMENT=8 DEFAULT CHARSET=utf8mb3;
/*!40101 SET character_set_client = @saved_cs_client */;

--
-- Dumping data for table `ubicacion_local`
--

LOCK TABLES `ubicacion_local` WRITE;
/*!40000 ALTER TABLE `ubicacion_local` DISABLE KEYS */;
INSERT INTO `ubicacion_local` VALUES (1,'POS 1'),(2,'POS 2'),(3,'POS 3'),(4,'POS 4'),(5,'POS 5'),(6,'POS 6'),(7,'BODEGA RACK');
/*!40000 ALTER TABLE `ubicacion_local` ENABLE KEYS */;
UNLOCK TABLES;
/*!40103 SET TIME_ZONE=@OLD_TIME_ZONE */;

/*!40101 SET SQL_MODE=@OLD_SQL_MODE */;
/*!40014 SET FOREIGN_KEY_CHECKS=@OLD_FOREIGN_KEY_CHECKS */;
/*!40014 SET UNIQUE_CHECKS=@OLD_UNIQUE_CHECKS */;
/*!40101 SET CHARACTER_SET_CLIENT=@OLD_CHARACTER_SET_CLIENT */;
/*!40101 SET CHARACTER_SET_RESULTS=@OLD_CHARACTER_SET_RESULTS */;
/*!40101 SET COLLATION_CONNECTION=@OLD_COLLATION_CONNECTION */;
/*!40111 SET SQL_NOTES=@OLD_SQL_NOTES */;

-- Dump completed on 2021-09-22  9:12:32
